District,Year,Yield,Harvested_Extent,Sown_Extent,Production,Season
AMPARA,1979,3349,27375,28703,87.8,Yala
AMPARA,1978/1979,3124,41779,44037,29.3,Maha
AMPARA,1979/1980,3597,40609,41056,30.1,Maha
AMPARA,1981,4139,23674,24160,93.8,Yala
AMPARA,1980/1981,4253,48638,48835,30.6,Maha
AMPARA,1982,4520,23883,25107,103.3,Yala
AMPARA,1981/1982,3893,41433,47587,32.2,Maha
AMPARA,1983,4304,31116,31663,128.2,Yala
AMPARA,1982/1983,4339,46702,49356,43.1,Maha
AMPARA,1984,4155,38380,38594,152.7,Yala
AMPARA,1983/1984,3143,29661,50239,87.9,Maha
AMPARA,1985,4567,36490,36593,159.5,Yala
AMPARA,1984/1985,3827,45138,45223,165.4,Maha
AMPARA,1986,4133,43315,43489,171.4,Yala
AMPARA,1985/1986,3287,42983,46617,135.2,Maha
AMPARA,1987,4280,45869,45785,187.9,Yala
AMPARA,1986/1987,3606,47537,47974,164.1,Maha
AMPARA,1988,4277,40287,42306,165,Yala
AMPARA,1987/1988,3682,48359,51333,170.4,Maha
AMPARA,1989,3106,36361,39541,108.1,Yala
AMPARA,1988/1989,3470,49916,50410,165.8,Maha
AMPARA,1990,0,37270,47492,125.1,Yala
AMPARA,1989/1990,3522,52614,53306,177.4,Maha
AMPARA,1991,3550,37464,38691,127.3,Yala
AMPARA,1990/1991,3630,38643,40669,134,Maha
AMPARA,1992,3604,41736,42252,144,Yala
AMPARA,1991/1992,4098,46004,46896,180.5,Maha
AMPARA,1993,4171,44919,44920,179.3,Yala
AMPARA,1992/1993,3400,51785,51877,168.6,Maha
AMPARA,1994,4019,51396,51440,197.7,Yala
AMPARA,1993/1994,2875,51302,56183,141.2,Maha
AMPARA,1995,3997,51757,52050,198,Yala
AMPARA,1994/1995,3647,54576,55877,190.6,Maha
AMPARA,1996,4415,51097,51196,216,Yala
AMPARA,1995/1996,3857,51027,51278,188.4,Maha
AMPARA,1997,4406,38455,38455,162.2,Yala
AMPARA,1996/1997,4187,53648,55414,215.1,Maha
AMPARA,1998,4548,51499,52574,224.2,Yala
AMPARA,1997/1998,3771,56947,58110,205.6,Maha
AMPARA,1999,4290,51842,53465,212.9,Yala
AMPARA,1998/1999,4099,54907,56427,215.4,Maha
AMPARA,2000,4666,54521,54569,243,Yala
AMPARA,1999/2000,3866,52209,58010,193,Maha
AMPARA,2001,4908,52656,53307,247,Yala
AMPARA,2000/2001,4099,57047,57334,223,Maha
AMPARA,2002,4512,51962,54697,224,Yala
AMPARA,2001/2002,4607,56220,57367,248,Maha
AMPARA,2003,4491,51788,56292,222.1,Yala
AMPARA,2002/2003,4216,56724,60994,229,Maha
AMPARA,2004,4771,55739,55755,254.2,Yala
AMPARA,2003/2004,4655,55974,56794,249,Maha
AMPARA,2005,4766,56322,56324,256.6,Yala
AMPARA,2004/2005,4292,59288,60737,243.2,Maha
AMPARA,2006,4884,55021,55036,256.8,Yala
AMPARA,2005/2006,4576,62632,62715,273.9,Maha
AMPARA,2007,4993,53633,53787,256,Yala
AMPARA,2006/2007,4934,51747,51803,244,Maha
AMPARA,2008,4927,60124,60168,283.1,Yala
AMPARA,2007/2008,4864,64435,64490,299.5,Maha
AMPARA,2009,4964,45303,46227,214.9,Yala
AMPARA,2008/2009,5158,68448,69979,38.1,Maha
AMPARA,2010,4877,59196,59255,275.9,Yala
AMPARA,2009/2010,5368,69840,69861,38,Maha
AMPARA,2011,4863,61904,61904,287.7,Yala
AMPARA,2010/2011,3333,39682,70819,49.2,Maha
AMPARA,2012,4729,59749,60864,270,Yala
AMPARA,2011/2012,5026,71877,71877,37,Maha
AMPARA,2013,4833,64352,64403,297.2,Yala
AMPARA,2012/2013,4084,80456,82921,40.2,Maha
AMPARA,2014,4700,44360,44377,199.3,Yala
AMPARA,2013/2014,4885,78981,81940,40.9,Maha
AMPARA,2015,4906,65968,65973,309.3,Yala
AMPARA,2014/2015,4078,78932,83133,39.1,Maha
AMPARA,2016,4766,64003,64004,291.52,Yala
AMPARA,2015/2016,4467,80752,80986,36.66,Maha
AMPARA,2017,4251,45937,46302,186.65,Yala
AMPARA,2016/2017,4785,67737,81458,24.35,Maha
AMPARA,2018,4840,41927,44262,193.92,Yala
AMPARA,2017/2018,4562,76324,81293,29.78,Maha
AMPARA,2019,5377,55117,56055,283.23,Yala
AMPARA,2018/2019,5030,76360,79982,44.48,Maha
AMPARA,2020,5003,60708,61295,290.26,Yala
AMPARA,2019/2020,4764,76794,79417,46.52,Maha
AMPARA,2021,5229,62776,62860,313.71,Yala
AMPARA,2022,3708,62644,62686,222,Yala
AMPARA,2021/2022,2857,81230,82442,37.3,Maha
AMPARA,2023,4338,63176,63184,261.94,Yala
AMPARA,2022/2023,4172,79886,80553,46.67,Maha
AMPARA,2024,5532,63161,63165,333.94,Yala
AMPARA,2023/2024,3933,71045,81373,47.22,Maha
ANURADHAPURA,1979,3055,18539,18994,45.6,Yala
ANURADHAPURA,1978/1979,3528,72864,75060,207,Maha
ANURADHAPURA,1979/1980,3744,73228,76299,220.8,Maha
ANURADHAPURA,1981,3290,8888,8980,23.6,Yala
ANURADHAPURA,1980/1981,2590,59055,63187,123.2,Maha
ANURADHAPURA,1982,3788,3266,3355,10,Yala
ANURADHAPURA,1981/1982,3071,28965,39674,71.6,Maha
ANURADHAPURA,1983,3597,5377,5488,15.6,Yala
ANURADHAPURA,1982/1983,3997,32792,37608,105.6,Maha
ANURADHAPURA,1984,3122,24954,25287,62.8,Yala
ANURADHAPURA,1983/1984,3144,49792,55583,126.1,Maha
ANURADHAPURA,1985,3756,9765,9847,29.5,Yala
ANURADHAPURA,1984/1985,3972,43836,44332,140.2,Maha
ANURADHAPURA,1986,3555,12784,13865,36.6,Yala
ANURADHAPURA,1985/1986,4567,43228,43938,159,Maha
ANURADHAPURA,1987,2912,3166,3751,7.4,Yala
ANURADHAPURA,1986/1987,3867,23495,28982,73.2,Maha
ANURADHAPURA,1988,3459,6589,7036,18.4,Yala
ANURADHAPURA,1987/1988,3544,39779,45118,113.5,Maha
ANURADHAPURA,1989,2594,1465,1465,3.1,Yala
ANURADHAPURA,1988/1989,3694,4934,6634,14.7,Maha
ANURADHAPURA,1990,3332,13720,14722,36.8,Yala
ANURADHAPURA,1989/1990,3824,28664,29747,88.3,Maha
ANURADHAPURA,1991,3384,8314,8451,22.7,Yala
ANURADHAPURA,1990/1991,4096,29864,31065,98,Maha
ANURADHAPURA,1992,3126,6885,7483,17.3,Yala
ANURADHAPURA,1991/1992,3594,42558,45509,123.2,Maha
ANURADHAPURA,1993,3123,6944,7150,17.5,Yala
ANURADHAPURA,1992/1993,3710,41138,41978,122.9,Maha
ANURADHAPURA,1994,3203,24929,25222,64.3,Yala
ANURADHAPURA,1993/1994,3837,60352,61268,186.5,Maha
ANURADHAPURA,1995,3258,18363,19028,48.2,Yala
ANURADHAPURA,1994/1995,4018,58945,59293,190.8,Maha
ANURADHAPURA,1996,3828,4342,4360,13.4,Yala
ANURADHAPURA,1995/1996,3700,24999,32638,74.5,Maha
ANURADHAPURA,1997,3455,4074,4244,11.3,Yala
ANURADHAPURA,1996/1997,3989,15404,15731,49.5,Maha
ANURADHAPURA,1998,3870,13781,14139,42.9,Yala
ANURADHAPURA,1997/1998,4264,66963,68330,230,Maha
ANURADHAPURA,1999,4126,18764,19470,62.4,Yala
ANURADHAPURA,1998/1999,4294,52899,53027,183,Maha
ANURADHAPURA,2000,4248,19827,21213,68,Yala
ANURADHAPURA,1999/2000,4400,54281,56543,192,Maha
ANURADHAPURA,2001,4409,17475,17507,62,Yala
ANURADHAPURA,2000/2001,4475,40595,40799,146,Maha
ANURADHAPURA,2002,4190,11730,12347,40,Yala
ANURADHAPURA,2001/2002,4323,47065,47190,164,Maha
ANURADHAPURA,2003,3891,21684,23570,67.8,Yala
ANURADHAPURA,2002/2003,4341,62753,66055,219,Maha
ANURADHAPURA,2004,4117,2996,3087,9.9,Yala
ANURADHAPURA,2003/2004,4524,27985,39098,101.8,Maha
ANURADHAPURA,2005,4228,24261,24294,82.5,Yala
ANURADHAPURA,2004/2005,4549,61011,61153,223.2,Maha
ANURADHAPURA,2006,4560,21072,21201,77.3,Yala
ANURADHAPURA,2005/2006,4520,61705,61782,224.3,Maha
ANURADHAPURA,2007,4804,14623,14635,56.5,Yala
ANURADHAPURA,2006/2007,4726,57490,57562,218.5,Maha
ANURADHAPURA,2008,4396,48235,49133,170.5,Yala
ANURADHAPURA,2007/2008,4311,71520,72717,248,Maha
ANURADHAPURA,2009,4426,17781,18226,63.3,Yala
ANURADHAPURA,2008/2009,4633,79159,80724,294.9,Maha
ANURADHAPURA,2010,4887,22808,22887,89.6,Yala
ANURADHAPURA,2009/2010,4924,81063,81463,320.9,Maha
ANURADHAPURA,2011,4775,53943,54471,207.1,Yala
ANURADHAPURA,2010/2011,4463,105587,113113,378.9,Maha
ANURADHAPURA,2012,4049,22100,26568,72,Yala
ANURADHAPURA,2011/2012,4982,88865,89253,356,Maha
ANURADHAPURA,2013,4284,46850,46888,161.4,Yala
ANURADHAPURA,2012/2013,4467,95292,100598,342.3,Maha
ANURADHAPURA,2014,4461,16174,17542,58,Yala
ANURADHAPURA,2013/2014,3898,39648,52789,124.3,Maha
ANURADHAPURA,2015,4612,50102,50398,185.8,Yala
ANURADHAPURA,2014/2015,4802,91667,99814,353.9,Maha
ANURADHAPURA,2016,4295,38223,38701,132,Yala
ANURADHAPURA,2015/2016,4748,95865,96254,365.99,Maha
ANURADHAPURA,2017,3909,8272,8525,26,Yala
ANURADHAPURA,2016/2017,4608,19736,37853,73.13,Maha
ANURADHAPURA,2018,5262,20250,21241,85.69,Yala
ANURADHAPURA,2017/2018,4414,47701,59558,169.32,Maha
ANURADHAPURA,2019,5119,32091,33412,132.1,Yala
ANURADHAPURA,2018/2019,5414,109254,109813,475.64,Maha
ANURADHAPURA,2020,4936,39258,39334,155.81,Yala
ANURADHAPURA,2019/2020,5574,118328,118902,530.36,Maha
ANURADHAPURA,2021,4691,62017,62104,233.95,Yala
ANURADHAPURA,2022,3248,59832,59918,156.28,Yala
ANURADHAPURA,2021/2022,2873,116565,116969,260.45,Maha
ANURADHAPURA,2023,4302,64852,65524,224.32,Yala
ANURADHAPURA,2022/2023,3849,117357,118818,363.24,Maha
ANURADHAPURA,2024,4863,61660,61699,241.1,Yala
ANURADHAPURA,2023/2024,4637,125271,125501,467.08,Maha
BADULLA,1979,2633,4571,4642,10.2,Yala
BADULLA,1978/1979,3091,16100,16337,27.5,Maha
BADULLA,1979/1980,3240,16032,16297,30.1,Maha
BADULLA,1981,2146,4852,4930,8.9,Yala
BADULLA,1980/1981,3157,16029,16397,12.4,Maha
BADULLA,1982,3297,4073,4369,11.4,Yala
BADULLA,1981/1982,3051,12586,14429,30.9,Maha
BADULLA,1983,3709,6435,6471,20.3,Yala
BADULLA,1982/1983,3782,17297,18469,33.8,Maha
BADULLA,1984,3303,10162,10370,28.6,Yala
BADULLA,1983/1984,2973,18602,19219,47.1,Maha
BADULLA,1985,3511,9738,9762,29.1,Yala
BADULLA,1984/1985,3719,19286,19406,61.4,Maha
BADULLA,1986,3761,7574,7633,24.2,Yala
BADULLA,1985/1986,3878,19710,19772,65.1,Maha
BADULLA,1987,3582,10449,10623,31.9,Yala
BADULLA,1986/1987,4533,19820,19880,76.5,Maha
BADULLA,1988,3911,11154,11199,37.1,Yala
BADULLA,1987/1988,4022,18790,19605,64.3,Maha
BADULLA,1989,3939,10630,10698,35.7,Yala
BADULLA,1988/1989,3926,18388,19220,61.5,Maha
BADULLA,1990,3913,10321,10383,34.4,Yala
BADULLA,1989/1990,3784,19972,20058,64.3,Maha
BADULLA,1991,3600,10069,10163,30.9,Yala
BADULLA,1990/1991,3999,20157,20243,68.6,Maha
BADULLA,1992,3598,9300,9381,28.5,Yala
BADULLA,1991/1992,3665,19024,20286,59.4,Maha
BADULLA,1993,3780,10135,10241,32.6,Yala
BADULLA,1992/1993,3997,19769,20091,67.3,Maha
BADULLA,1994,3269,10553,10592,29.4,Yala
BADULLA,1993/1994,4034,20317,20340,69.8,Maha
BADULLA,1995,3628,10467,10645,32.3,Yala
BADULLA,1994/1995,3602,19849,20114,60.9,Maha
BADULLA,1996,3055,10066,10271,26.2,Yala
BADULLA,1995/1996,3393,19565,19838,56.5,Maha
BADULLA,1997,3321,9368,9560,26.5,Yala
BADULLA,1996/1997,3649,18606,18986,57.8,Maha
BADULLA,1998,4036,10737,11055,36.9,Yala
BADULLA,1997/1998,2867,21770,21914,53.1,Maha
BADULLA,1999,3707,9471,9820,29.9,Yala
BADULLA,1998/1999,3710,21177,21201,66.9,Maha
BADULLA,2000,4571,10258,10978,39.9,Yala
BADULLA,1999/2000,4081,20870,21293,72.5,Maha
BADULLA,2001,4629,10355,10432,40.8,Yala
BADULLA,2000/2001,4334,21498,21605,79.3,Maha
BADULLA,2002,4122,9807,10324,34.4,Yala
BADULLA,2001/2002,4257,20573,20993,74.6,Maha
BADULLA,2003,4256,11020,11979,39.1,Yala
BADULLA,2002/2003,3772,21251,22369,68.2,Maha
BADULLA,2004,4619,10643,10643,41.8,Yala
BADULLA,2003/2004,4326,21007,21011,77.2,Maha
BADULLA,2005,4251,11394,11394,41.2,Yala
BADULLA,2004/2005,4264,22112,22112,80.1,Maha
BADULLA,2006,4388,11298,11337,42.1,Yala
BADULLA,2005/2006,4278,22156,22162,80.6,Maha
BADULLA,2007,4639,10705,10705,42.2,Yala
BADULLA,2006/2007,4434,22260,22266,83.9,Maha
BADULLA,2008,4605,12744,12746,49.9,Yala
BADULLA,2007/2008,4094,25288,25331,88,Maha
BADULLA,2009,4673,7973,8168,31.7,Yala
BADULLA,2010,4480,12665,12665,48.2,Yala
BADULLA,2009/2010,4324,26988,27023,10.8,Maha
BADULLA,2011,4395,13149,13179,49.1,Yala
BADULLA,2010/2011,3324,27175,27733,15.7,Maha
BADULLA,2012,4208,11490,11676,41.1,Yala
BADULLA,2011/2012,4514,27221,27552,27.5,Maha
BADULLA,2013,4443,13485,13485,50.9,Yala
BADULLA,2012/2013,4869,29255,29262,24.6,Maha
BADULLA,2014,4751,12731,12843,51.4,Yala
BADULLA,2013/2014,4872,24742,27637,15.4,Maha
BADULLA,2015,4459,13074,13074,49.5,Yala
BADULLA,2014/2015,4761,27046,27057,45.7,Maha
BADULLA,2016,4415,12679,12679,47.58,Yala
BADULLA,2015/2016,4303,27289,27289,45.85,Maha
BADULLA,2017,4434,8661,8668,32.65,Yala
BADULLA,2016/2017,4401,18009,19793,16.09,Maha
BADULLA,2018,4673,10799,10810,42.89,Yala
BADULLA,2017/2018,4340,19514,20252,55.01,Maha
BADULLA,2019,5120,10988,11270,47.82,Yala
BADULLA,2018/2019,4708,25615,25670,50.91,Maha
BADULLA,2020,4973,11639,11663,49.2,Yala
BADULLA,2019/2020,4405,25641,25641,80.01,Maha
BADULLA,2021,5088,12098,12098,52.33,Yala
BADULLA,2022,3349,12593,12594,35.85,Yala
BADULLA,2021/2022,3027,24185,24195,43.11,Maha
BADULLA,2023,4554,13176,13199,51,Yala
BADULLA,2022/2023,3662,25751,25766,76.27,Maha
BADULLA,2024,4992,12177,12193,51.67,Yala
BADULLA,2023/2024,4494,26053,26056,65.51,Maha
BATTICALOA,1979,2436,6654,8279,14.3,Yala
BATTICALOA,1978/1979,2364,38896,46002,27.7,Maha
BATTICALOA,1979/1980,2171,37260,39398,28.1,Maha
BATTICALOA,1981,2820,8967,10239,22.4,Yala
BATTICALOA,1980/1981,2640,41987,43455,29.9,Maha
BATTICALOA,1982,3662,8479,8892,27.4,Yala
BATTICALOA,1981/1982,2249,26725,45806,27.9,Maha
BATTICALOA,1983,3553,9115,11065,28.6,Yala
BATTICALOA,1982/1983,3222,43661,45118,29.9,Maha
BATTICALOA,1984,3873,11959,12097,40.9,Yala
BATTICALOA,1983/1984,2089,23146,47457,42.7,Maha
BATTICALOA,1985,3771,11017,11053,36.7,Yala
BATTICALOA,1984/1985,3163,37678,38170,105.4,Maha
BATTICALOA,1986,3618,14090,14257,45.1,Yala
BATTICALOA,1985/1986,2609,26787,33279,61.8,Maha
BATTICALOA,1987,3427,14230,14774,43.1,Yala
BATTICALOA,1986/1987,3113,28196,29654,77.6,Maha
BATTICALOA,1988,3609,8045,8414,25.6,Yala
BATTICALOA,1987/1988,1703,11381,29664,17.1,Maha
BATTICALOA,1989,3332,14085,15124,41.5,Yala
BATTICALOA,1988/1989,3052,22894,23704,61.8,Maha
BATTICALOA,1990,0,13956,14400,42,Yala
BATTICALOA,1989/1990,2900,36598,38332,93.8,Maha
BATTICALOA,1991,2516,8392,8986,18.7,Yala
BATTICALOA,1992,3303,7372,10670,21.5,Yala
BATTICALOA,1991/1992,3037,29883,32004,80.2,Maha
BATTICALOA,1993,4154,10449,10508,38.4,Yala
BATTICALOA,1992/1993,3039,30547,30855,82.1,Maha
BATTICALOA,1994,3108,11494,11629,31.6,Yala
BATTICALOA,1993/1994,2741,27418,31077,66.5,Maha
BATTICALOA,1995,3627,12286,12395,39.4,Yala
BATTICALOA,1994/1995,2335,28777,31940,59.4,Maha
BATTICALOA,1996,3279,9155,9345,26.5,Yala
BATTICALOA,1995/1996,2219,20127,24412,39.5,Maha
BATTICALOA,1997,3324,5392,5503,15.8,Yala
BATTICALOA,1996/1997,1924,16250,27814,27.6,Maha
BATTICALOA,1998,3539,11074,11334,34.7,Yala
BATTICALOA,1997/1998,2808,34983,35151,86.8,Maha
BATTICALOA,1999,3632,14369,14850,46.1,Yala
BATTICALOA,1998/1999,2871,33929,36494,86.1,Maha
BATTICALOA,2000,3544,15408,15408,48,Yala
BATTICALOA,1999/2000,2854,35463,39269,89,Maha
BATTICALOA,2001,3036,14377,16111,39,Yala
BATTICALOA,2000/2001,2769,39811,40011,97,Maha
BATTICALOA,2002,3282,15374,16183,45,Yala
BATTICALOA,2001/2002,3126,34895,37025,96,Maha
BATTICALOA,2003,3321,18839,20477,55.2,Yala
BATTICALOA,2002/2003,2581,44311,46175,101,Maha
BATTICALOA,2004,3501,16375,16808,50.6,Yala
BATTICALOA,2003/2004,2815,45460,46050,113,Maha
BATTICALOA,2005,3451,16707,16719,50.9,Yala
BATTICALOA,2004/2005,2360,45318,46182,94.4,Maha
BATTICALOA,2006,3649,15226,15498,49,Yala
BATTICALOA,2005/2006,3207,46573,46772,131.8,Maha
BATTICALOA,2007,3680,2141,2705,7,Yala
BATTICALOA,2006/2007,2891,14685,18469,37.5,Maha
BATTICALOA,2008,3943,17702,17728,61.6,Yala
BATTICALOA,2007/2008,3661,17030,19134,55,Maha
BATTICALOA,2009,4189,16020,17073,59.2,Yala
BATTICALOA,2008/2009,3639,45854,45905,58.9,Maha
BATTICALOA,2010,4008,20894,20901,73.9,Yala
BATTICALOA,2009/2010,4031,54329,54855,118.3,Maha
BATTICALOA,2011,4031,21699,21699,77.2,Yala
BATTICALOA,2010/2011,2399,14424,59520,122,Maha
BATTICALOA,2012,3965,23887,23887,83.6,Yala
BATTICALOA,2011/2012,3733,52115,59470,133.5,Maha
BATTICALOA,2013,4603,27556,27556,111.9,Yala
BATTICALOA,2012/2013,2088,62747,66276,153.7,Maha
BATTICALOA,2014,4137,20282,20282,74.1,Yala
BATTICALOA,2013/2014,3024,62204,62204,91.9,Maha
BATTICALOA,2015,4811,26960,27011,114.5,Yala
BATTICALOA,2014/2015,2686,50866,61014,140.2,Maha
BATTICALOA,2016,3536,27330,27360,85.31,Yala
BATTICALOA,2015/2016,3022,56401,61988,140.86,Maha
BATTICALOA,2017,3431,22211,24211,67.26,Yala
BATTICALOA,2016/2017,2516,36866,62836,48.53,Maha
BATTICALOA,2018,4104,25655,25655,92.93,Yala
BATTICALOA,2017/2018,3100,64796,64796,120.12,Maha
BATTICALOA,2019,3683,24505,27444,79.65,Yala
BATTICALOA,2018/2019,3206,67214,67214,126,Maha
BATTICALOA,2020,4582,28943,28955,117.06,Yala
BATTICALOA,2019/2020,3783,61244,66996,158.16,Maha
BATTICALOA,2021,4665,28502,28502,117.35,Yala
BATTICALOA,2022,2950,28696,28696,74.72,Yala
BATTICALOA,2021/2022,1639,66520,66520,100.06,Maha
BATTICALOA,2023,3557,33566,33566,105.37,Yala
BATTICALOA,2022/2023,3088,71433,71433,139.55,Maha
BATTICALOA,2024,3589,33652,33652,106.59,Yala
BATTICALOA,2023/2024,2410,66991,71539,148.07,Maha
COLOMBO,1979,2026,3550,3634,6.1,Yala
COLOMBO,1978/1979,2038,7059,7270,12.2,Maha
COLOMBO,1979/1980,2713,7006,7195,16.2,Maha
COLOMBO,1981,2311,6106,6247,12,Yala
COLOMBO,1980/1981,2689,6928,7045,15.9,Maha
COLOMBO,1982,2667,5719,5911,13,Yala
COLOMBO,1981/1982,2936,7063,7129,17.7,Maha
COLOMBO,1983,1779,2540,2606,3.8,Yala
COLOMBO,1982/1983,3260,6987,7076,19.4,Maha
COLOMBO,1984,2287,5507,5824,10.7,Yala
COLOMBO,1983/1984,2882,6681,6863,16.4,Maha
COLOMBO,1985,2478,4785,4986,10.1,Yala
COLOMBO,1984/1985,2756,6647,6688,16,Maha
COLOMBO,1986,2841,5651,5728,13.7,Yala
COLOMBO,1985/1986,2961,6447,6523,16.3,Maha
COLOMBO,1987,2269,3826,4008,7.4,Yala
COLOMBO,1986/1987,3326,6460,6524,18.3,Maha
COLOMBO,1988,2908,5138,5157,12.7,Yala
COLOMBO,1987/1988,3435,6162,6195,18,Maha
COLOMBO,1989,2251,3542,3559,6.8,Yala
COLOMBO,1988/1989,2940,6250,6328,15.7,Maha
COLOMBO,1990,2477,4819,4836,10.2,Yala
COLOMBO,1989/1990,3375,6426,6443,18.5,Maha
COLOMBO,1991,2013,4758,4815,8.2,Yala
COLOMBO,1990/1991,2970,6344,6346,16.1,Maha
COLOMBO,1992,1602,1762,1877,2.4,Yala
COLOMBO,1991/1992,3567,6311,6314,19.2,Maha
COLOMBO,1993,2150,2101,2146,3.8,Yala
COLOMBO,1992/1993,3290,6010,6024,16.8,Maha
COLOMBO,1994,2136,3645,3675,6.6,Yala
COLOMBO,1993/1994,3240,5777,5785,15.9,Maha
COLOMBO,1995,1796,1905,1917,2.9,Yala
COLOMBO,1994/1995,3148,5566,5608,14.9,Maha
COLOMBO,1996,2080,1255,1369,2.2,Yala
COLOMBO,1995/1996,3157,5291,5359,14.2,Maha
COLOMBO,1997,2032,1695,1730,2.9,Yala
COLOMBO,1996/1997,3490,5282,5286,15.7,Maha
COLOMBO,1998,2532,412,439,0.9,Yala
COLOMBO,1997/1998,3220,5337,5354,14.6,Maha
COLOMBO,1999,2517,3380,3380,7.3,Yala
COLOMBO,1998/1999,3442,4905,4912,14.4,Maha
COLOMBO,2000,2733,1076,1080,2.3,Yala
COLOMBO,1999/2000,3209,4559,4799,12.5,Maha
COLOMBO,2001,2698,954,954,2.2,Yala
COLOMBO,2000/2001,3518,4136,4137,12.4,Maha
COLOMBO,2002,2464,1966,2070,4.4,Yala
COLOMBO,2001/2002,3576,4494,4494,13.7,Maha
COLOMBO,2003,2318,1649,1792,3.3,Yala
COLOMBO,2002/2003,3280,4444,4677,12.4,Maha
COLOMBO,2004,2562,1057,1070,2.3,Yala
COLOMBO,2003/2004,3568,4425,4430,13.4,Maha
COLOMBO,2005,2431,2257,2263,4.7,Yala
COLOMBO,2004/2005,3251,4592,4594,12.7,Maha
COLOMBO,2006,2537,456,480,1,Yala
COLOMBO,2005/2006,3275,4416,4422,12.3,Maha
COLOMBO,2007,3346,878,879,2.5,Yala
COLOMBO,2006/2007,3033,3349,3354,8.9,Maha
COLOMBO,2008,3172,3809,3832,10.3,Yala
COLOMBO,2007/2008,3502,3767,3767,11.2,Maha
COLOMBO,2009,3004,3603,3615,9.2,Yala
COLOMBO,2008/2009,3554,4504,4506,13.6,Maha
COLOMBO,2010,3209,2656,2656,7.2,Yala
COLOMBO,2009/2010,3505,4763,4764,14.2,Maha
COLOMBO,2011,2999,2343,2378,6,Yala
COLOMBO,2010/2011,2706,4625,4651,10.6,Maha
COLOMBO,2012,3002,906,910,2.3,Yala
COLOMBO,2011/2012,3477,4616,4617,13.6,Maha
COLOMBO,2013,2522,1247,1257,2.7,Yala
COLOMBO,2012/2013,3597,4062,4062,12.4,Maha
COLOMBO,2014,3073,978,983,2.6,Yala
COLOMBO,2013/2014,3551,3726,3765,11.2,Maha
COLOMBO,2015,2275,1302,1309,2.5,Yala
COLOMBO,2014/2015,3431,3482,3484,10.2,Maha
COLOMBO,2016,2567,398,402,0.87,Yala
COLOMBO,2015/2016,3414,2888,2896,8.38,Maha
COLOMBO,2017,2720,908,946,2.1,Yala
COLOMBO,2016/2017,3437,2241,2242,6.55,Maha
COLOMBO,2018,3259,1174,1175,3.25,Yala
COLOMBO,2017/2018,3458,3183,3183,9.35,Maha
COLOMBO,2019,3064,788,892,2.05,Yala
COLOMBO,2018/2019,3509,3232,3232,9.64,Maha
COLOMBO,2020,3281,3219,3219,8.98,Yala
COLOMBO,2019/2020,3521,2864,2864,8.57,Maha
COLOMBO,2021,2455,2348,2521,4.9,Yala
COLOMBO,2022,2207,2880,2880,5.41,Yala
COLOMBO,2021/2022,2521,3811,3830,8.17,Maha
COLOMBO,2023,2371,2215,2218,4.46,Yala
COLOMBO,2022/2023,2855,4211,4215,10.22,Maha
COLOMBO,2024,1975,1538,1579,2.58,Yala
COLOMBO,2023/2024,3402,3648,3657,10.55,Maha
GALLE,1979,1375,17968,19583,19.4,Yala
GALLE,1978/1979,1692,18673,19811,56.1,Maha
GALLE,1979/1980,1775,18188,18972,55.4,Maha
GALLE,1981,1741,19297,20217,26.3,Yala
GALLE,1980/1981,2135,19293,19618,56.7,Maha
GALLE,1982,1683,18423,20444,24.3,Yala
GALLE,1981/1982,2181,20197,20393,44.8,Maha
GALLE,1983,1361,8409,9547,9,Yala
GALLE,1982/1983,2141,20420,20803,54.8,Maha
GALLE,1984,1967,19138,20095,29.5,Yala
GALLE,1983/1984,2383,20164,20423,37.7,Maha
GALLE,1985,1924,19648,19847,29.6,Yala
GALLE,1984/1985,2326,19981,20068,36.4,Maha
GALLE,1986,2073,20295,20454,33,Yala
GALLE,1985/1986,2341,20478,20549,37.6,Maha
GALLE,1987,1842,14665,14959,21.2,Yala
GALLE,1986/1987,2676,20007,20196,42,Maha
GALLE,1988,2328,19711,19844,36,Yala
GALLE,1987/1988,2773,19944,20033,43.3,Maha
GALLE,1989,2162,16489,16550,27.9,Yala
GALLE,1988/1989,2867,20063,20088,45.1,Maha
GALLE,1990,2537,18339,18427,36.5,Yala
GALLE,1989/1990,2673,19403,19497,40.7,Maha
GALLE,1991,1911,17583,19007,26.3,Yala
GALLE,1990/1991,2635,19545,19597,40.4,Maha
GALLE,1992,2379,10159,10234,18.9,Yala
GALLE,1991/1992,2659,19621,19687,40.9,Maha
GALLE,1993,1889,14725,15885,21.8,Yala
GALLE,1992/1993,2679,18655,18730,39.2,Maha
GALLE,1994,2134,17002,17182,28.4,Yala
GALLE,1993/1994,2938,18453,18468,42.5,Maha
GALLE,1995,2097,11716,11932,19.2,Yala
GALLE,1994/1995,2651,17573,17652,36.5,Maha
GALLE,1996,2213,12591,12600,21.8,Yala
GALLE,1995/1996,2526,17189,17232,34,Maha
GALLE,1997,2323,9272,9461,16.9,Yala
GALLE,1996/1997,2911,17454,17458,39.8,Maha
GALLE,1998,2302,1490,1603,2.7,Yala
GALLE,1997/1998,3154,17176,17526,42.5,Maha
GALLE,1999,2665,13413,14268,28,Yala
GALLE,1998/1999,3042,16992,17003,40.5,Maha
GALLE,2000,2623,11384,12648,22.7,Yala
GALLE,1999/2000,3085,16576,16914,40.1,Maha
GALLE,2001,2617,6511,6530,13.4,Yala
GALLE,2000/2001,2902,15731,15890,35.8,Maha
GALLE,2002,2607,11700,12316,24.4,Yala
GALLE,2001/2002,3593,15971,16297,45,Maha
GALLE,2003,2604,10590,11511,21.6,Yala
GALLE,2002/2003,3438,15561,16379,41.9,Maha
GALLE,2004,3159,7507,7693,18.6,Yala
GALLE,2003/2004,3383,13339,13401,35.3,Maha
GALLE,2005,2788,9336,9414,20.4,Yala
GALLE,2004/2005,3711,13943,14498,40.5,Maha
GALLE,2006,2728,4895,4912,10.5,Yala
GALLE,2005/2006,3498,14079,14104,38.5,Maha
GALLE,2007,3262,5840,5871,14.9,Yala
GALLE,2006/2007,3418,12370,12395,33.1,Maha
GALLE,2008,3027,13510,14130,32,Yala
GALLE,2007/2008,3190,14652,14679,36.6,Maha
GALLE,2009,2997,13084,13120,30.7,Yala
GALLE,2008/2009,3032,15649,15930,40.2,Maha
GALLE,2010,2943,11685,11732,26.9,Yala
GALLE,2009/2010,3286,17142,17156,37.9,Maha
GALLE,2011,2924,10545,10560,24.1,Yala
GALLE,2010/2011,2968,16673,16697,31.7,Maha
GALLE,2012,3075,4177,4212,10.1,Yala
GALLE,2011/2012,3431,15917,15968,41.9,Maha
GALLE,2013,2670,4050,4057,8.5,Yala
GALLE,2012/2013,3552,14024,14141,37.9,Maha
GALLE,2014,2735,4767,4767,10.2,Yala
GALLE,2013/2014,3653,12610,12703,39.2,Maha
GALLE,2015,2649,5125,5694,10.6,Yala
GALLE,2014/2015,3738,13099,13130,40.1,Maha
GALLE,2016,3148,1180,1199,2.91,Yala
GALLE,2015/2016,2965,10118,10174,34.92,Maha
GALLE,2017,2448,4850,4919,9.29,Yala
GALLE,2016/2017,3543,8087,8118,28.73,Maha
GALLE,2018,3204,3944,3945,9.89,Yala
GALLE,2017/2018,2986,10725,10775,33.02,Maha
GALLE,2019,3012,2670,3333,6.3,Yala
GALLE,2018/2019,3247,8308,8313,37.55,Maha
GALLE,2020,2837,10915,11551,24.23,Yala
GALLE,2019/2020,3980,7939,7949,38.44,Maha
GALLE,2021,2897,8326,8548,18.87,Yala
GALLE,2022,2194,10422,10615,17.9,Yala
GALLE,2021/2022,2514,10921,11235,31.21,Maha
GALLE,2023,2169,5024,5683,8.53,Yala
GALLE,2022/2023,2532,12010,12319,37.6,Maha
GALLE,2024,2602,3761,3859,7.66,Yala
GALLE,2023/2024,2993,6823,7014,38.88,Maha
GAMPAHA,1979,2228,6744,6890,12.8,Yala
GAMPAHA,1978/1979,2476,16334,16697,34.4,Maha
GAMPAHA,1979/1980,2473,16312,16897,34.4,Maha
GAMPAHA,1981,2566,10445,10765,22.8,Yala
GAMPAHA,1980/1981,2820,16695,16925,40.1,Maha
GAMPAHA,1982,2771,10883,11121,25.7,Yala
GAMPAHA,1981/1982,3295,16588,17093,46.5,Maha
GAMPAHA,1983,2827,3817,3922,9.2,Yala
GAMPAHA,1982/1983,3120,16821,17107,44.7,Maha
GAMPAHA,1984,2695,12271,12556,28.2,Yala
GAMPAHA,1983/1984,3477,16269,16595,48.2,Maha
GAMPAHA,1985,2803,12106,12209,28.9,Yala
GAMPAHA,1984/1985,3215,16358,16456,44.8,Maha
GAMPAHA,1986,2764,10010,10270,23.6,Yala
GAMPAHA,1985/1986,2872,15739,16100,38.5,Maha
GAMPAHA,1987,3235,10411,10445,28.7,Yala
GAMPAHA,1986/1987,3316,14885,15089,42,Maha
GAMPAHA,1988,2797,11513,11620,27.4,Yala
GAMPAHA,1987/1988,2901,13939,14592,34.4,Maha
GAMPAHA,1989,2689,6928,7044,15.9,Yala
GAMPAHA,1988/1989,3206,14029,14197,38.3,Maha
GAMPAHA,1990,2665,11238,11323,25.5,Yala
GAMPAHA,1989/1990,3261,14756,14823,41,Maha
GAMPAHA,1991,2188,10615,10891,19.8,Yala
GAMPAHA,1990/1991,2648,13924,14039,31.4,Maha
GAMPAHA,1992,2863,6105,6202,14.9,Yala
GAMPAHA,1991/1992,2970,12992,13757,32.9,Maha
GAMPAHA,1993,2525,5621,5660,12.1,Yala
GAMPAHA,1992/1993,3262,14238,14309,39.5,Maha
GAMPAHA,1994,2416,6216,6303,12.8,Yala
GAMPAHA,1993/1994,3371,13521,13545,38.8,Maha
GAMPAHA,1995,2331,2854,2903,5.7,Yala
GAMPAHA,1994/1995,3307,11936,11977,33.6,Maha
GAMPAHA,1996,2885,1272,1342,3.1,Yala
GAMPAHA,1995/1996,3316,11103,11189,31.4,Maha
GAMPAHA,1997,2902,2252,2298,5.6,Yala
GAMPAHA,1996/1997,3391,12227,12279,35.3,Maha
GAMPAHA,1998,2014,1380,1470,2.4,Yala
GAMPAHA,1997/1998,2596,11802,12033,26.1,Maha
GAMPAHA,1999,3120,3585,3623,9.5,Yala
GAMPAHA,1998/1999,3037,10785,10843,27.9,Maha
GAMPAHA,2000,2770,1904,1931,4.5,Yala
GAMPAHA,1999/2000,3247,10020,10084,27.7,Maha
GAMPAHA,2001,2810,1347,1356,3.2,Yala
GAMPAHA,2000/2001,3253,8936,8981,24.7,Maha
GAMPAHA,2002,2817,1640,1727,4,Yala
GAMPAHA,2001/2002,3499,9542,9553,28.4,Maha
GAMPAHA,2003,2459,4388,4770,9.2,Yala
GAMPAHA,2002/2003,3251,9994,10519,27.7,Maha
GAMPAHA,2004,2825,1784,1789,4.3,Yala
GAMPAHA,2003/2004,3245,9526,9727,26.3,Maha
GAMPAHA,2005,2741,3408,3487,7.9,Yala
GAMPAHA,2004/2005,3408,10170,10173,29.5,Maha
GAMPAHA,2006,2659,1102,1158,2.5,Yala
GAMPAHA,2005/2006,3603,9753,9835,29.9,Maha
GAMPAHA,2007,3656,2395,2407,7.4,Yala
GAMPAHA,2006/2007,3134,8091,8402,21.6,Maha
GAMPAHA,2008,3243,7470,7501,20.6,Yala
GAMPAHA,2007/2008,3495,9328,9360,27.7,Maha
GAMPAHA,2009,339,8095,8106,23.3,Yala
GAMPAHA,2008/2009,3353,10678,10826,30.4,Maha
GAMPAHA,2010,3687,7810,7828,24.5,Yala
GAMPAHA,2009/2010,3451,12464,12534,36.6,Maha
GAMPAHA,2011,3415,5449,5461,15.8,Yala
GAMPAHA,2010/2011,3061,13032,13041,33.9,Maha
GAMPAHA,2012,3258,3558,3571,9.9,Yala
GAMPAHA,2011/2012,3453,10333,10333,30.3,Maha
GAMPAHA,2013,2934,4713,4813,11.8,Yala
GAMPAHA,2012/2013,3750,11153,11176,35.5,Maha
GAMPAHA,2014,3179,5012,5171,13.5,Yala
GAMPAHA,2013/2014,3188,10636,10646,28.8,Maha
GAMPAHA,2015,3252,4576,4592,12.6,Yala
GAMPAHA,2014/2015,3594,10974,11154,33.5,Maha
GAMPAHA,2016,2703,1875,1903,4.31,Yala
GAMPAHA,2015/2016,3849,9983,9989,32.66,Maha
GAMPAHA,2017,2672,2596,2728,5.9,Yala
GAMPAHA,2016/2017,3340,4998,7932,14.19,Maha
GAMPAHA,2018,3210,5766,6163,15.74,Yala
GAMPAHA,2017/2018,3782,10516,10648,33.81,Maha
GAMPAHA,2019,3250,4183,5500,11.56,Yala
GAMPAHA,2018/2019,3717,10091,10344,31.88,Maha
GAMPAHA,2020,3445,10000,10444,29.28,Yala
GAMPAHA,2019/2020,4240,9563,9714,34.46,Maha
GAMPAHA,2021,2991,8492,9954,21.59,Yala
GAMPAHA,2022,2493,9836,9850,20.84,Yala
GAMPAHA,2021/2022,2842,11202,11511,27.06,Maha
GAMPAHA,2023,2557,8467,8660,18.4,Yala
GAMPAHA,2022/2023,3453,12249,12348,35.91,Maha
GAMPAHA,2024,2831,5732,6017,13.79,Yala
GAMPAHA,2023/2024,3159,10406,10634,27.94,Maha
HAMBANTOTA,1979,3763,9280,9572,30.6,Yala
HAMBANTOTA,1978/1979,3484,19302,19630,33.1,Maha
HAMBANTOTA,1979/1980,3538,15680,16079,30.3,Maha
HAMBANTOTA,1981,3491,13043,13135,39.8,Yala
HAMBANTOTA,1980/1981,3947,18303,18448,35.6,Maha
HAMBANTOTA,1982,3948,13991,14119,48.3,Yala
HAMBANTOTA,1981/1982,3726,16662,17967,37.4,Maha
HAMBANTOTA,1983,4222,10884,11780,40.2,Yala
HAMBANTOTA,1982/1983,4280,19648,19738,35.9,Maha
HAMBANTOTA,1984,3347,15650,16556,45.8,Yala
HAMBANTOTA,1983/1984,4116,19498,19527,70.4,Maha
HAMBANTOTA,1985,3930,12580,12592,43.3,Yala
HAMBANTOTA,1984/1985,4586,17460,17646,66.1,Maha
HAMBANTOTA,1986,4026,15012,15326,52.9,Yala
HAMBANTOTA,1985/1986,4194,19502,19542,71.6,Maha
HAMBANTOTA,1987,4261,8029,8661,29.9,Yala
HAMBANTOTA,1986/1987,4302,17848,19602,67.2,Maha
HAMBANTOTA,1988,4351,13741,13741,52.3,Yala
HAMBANTOTA,1987/1988,4853,22499,22520,95.6,Maha
HAMBANTOTA,1989,4274,15489,15591,57.9,Yala
HAMBANTOTA,1988/1989,4321,22227,22227,84.1,Maha
HAMBANTOTA,1990,4796,13087,13592,54.9,Yala
HAMBANTOTA,1989/1990,4179,17922,18392,65.5,Maha
HAMBANTOTA,1991,3477,13839,13839,42.1,Yala
HAMBANTOTA,1990/1991,4455,17151,17635,67,Maha
HAMBANTOTA,1992,3763,9900,12095,32.6,Yala
HAMBANTOTA,1991/1992,4637,21427,21537,87,Maha
HAMBANTOTA,1993,4586,11667,11691,46.8,Yala
HAMBANTOTA,1992/1993,4703,21731,22085,89.4,Maha
HAMBANTOTA,1994,3875,18321,18346,62.1,Yala
HAMBANTOTA,1993/1994,4048,23024,23167,81.6,Maha
HAMBANTOTA,1995,3927,18634,18654,64,Yala
HAMBANTOTA,1994/1995,3953,22545,22545,78,Maha
HAMBANTOTA,1996,4066,14400,14418,51.2,Yala
HAMBANTOTA,1995/1996,3893,20804,20826,70.9,Maha
HAMBANTOTA,1997,3886,15155,15308,51.5,Yala
HAMBANTOTA,1996/1997,3995,18383,18385,64.3,Maha
HAMBANTOTA,1998,4366,18336,18788,70.1,Yala
HAMBANTOTA,1997/1998,3761,24573,24648,80.9,Maha
HAMBANTOTA,1999,3809,19608,20667,65.4,Yala
HAMBANTOTA,1998/1999,4106,23395,23407,84.1,Maha
HAMBANTOTA,2000,4092,20109,21286,72,Yala
HAMBANTOTA,1999/2000,4354,19553,20368,74,Maha
HAMBANTOTA,2001,4589,9279,9645,37,Yala
HAMBANTOTA,2000/2001,4680,14212,14339,58,Maha
HAMBANTOTA,2002,4343,11899,12525,45,Yala
HAMBANTOTA,2001/2002,4820,13930,14235,59,Maha
HAMBANTOTA,2003,3802,18470,20076,60.6,Yala
HAMBANTOTA,2002/2003,4587,16264,17120,65,Maha
HAMBANTOTA,2004,4780,13383,13485,55.9,Yala
HAMBANTOTA,2003/2004,4626,16646,16737,67.3,Maha
HAMBANTOTA,2005,4166,16492,16633,60,Yala
HAMBANTOTA,2004/2005,4467,18678,19066,72.9,Maha
HAMBANTOTA,2006,4470,16406,16448,64.1,Yala
HAMBANTOTA,2005/2006,5069,19873,19881,88,Maha
HAMBANTOTA,2007,4940,20771,20923,89.6,Yala
HAMBANTOTA,2006/2007,5215,21875,22320,99.7,Maha
HAMBANTOTA,2008,4725,24451,24500,101,Yala
HAMBANTOTA,2007/2008,4762,24007,24234,100,Maha
HAMBANTOTA,2009,5017,21853,21905,95.8,Yala
HAMBANTOTA,2008/2009,5295,25315,25575,28.2,Maha
HAMBANTOTA,2010,5114,24244,24255,108.3,Yala
HAMBANTOTA,2009/2010,5183,26012,26098,29.6,Maha
HAMBANTOTA,2011,5047,25260,25339,111.4,Yala
HAMBANTOTA,2010/2011,5779,35460,36084,23,Maha
HAMBANTOTA,2012,4919,20525,21403,88.2,Yala
HAMBANTOTA,2011/2012,5198,26102,26759,24,Maha
HAMBANTOTA,2013,4987,25850,25896,112.6,Yala
HAMBANTOTA,2012/2013,6575,28802,28946,18.7,Maha
HAMBANTOTA,2014,4627,20644,21524,83.5,Yala
HAMBANTOTA,2013/2014,5592,26679,26882,18.6,Maha
HAMBANTOTA,2015,5279,25626,26302,118.2,Yala
HAMBANTOTA,2014/2015,6134,26995,27175,22.3,Maha
HAMBANTOTA,2016,5259,22042,22444,101.27,Yala
HAMBANTOTA,2015/2016,5418,27128,27848,21.05,Maha
HAMBANTOTA,2017,5348,20772,20967,97.05,Yala
HAMBANTOTA,2016/2017,5253,21750,22011,6.91,Maha
HAMBANTOTA,2018,6252,24695,24771,134.9,Yala
HAMBANTOTA,2017/2018,5773,34695,34695,23.44,Maha
HAMBANTOTA,2019,5726,32195,32702,161.07,Yala
HAMBANTOTA,2018/2019,6622,34141,34164,26.05,Maha
HAMBANTOTA,2020,5986,34161,34167,178.65,Yala
HAMBANTOTA,2019/2020,6302,34933,34978,22.79,Maha
HAMBANTOTA,2021,5814,34490,34490,175.19,Yala
HAMBANTOTA,2022,4612,33003,33031,133,Yala
HAMBANTOTA,2021/2022,3969,36007,36104,20.62,Maha
HAMBANTOTA,2023,5087,32920,34947,146.31,Yala
HAMBANTOTA,2022/2023,5468,37289,37347,23.91,Maha
HAMBANTOTA,2024,5381,35246,35253,165.7,Yala
HAMBANTOTA,2023/2024,5668,35958,36527,20.78,Maha
JAFFNA,1979,2318,4556,4556,9.4,Yala
JAFFNA,1978/1979,1960,28583,29945,81.3,Maha
JAFFNA,1979/1980,2057,28450,29438,71.5,Maha
JAFFNA,1981,3418,101,101,0.3,Yala
JAFFNA,1980/1981,1749,26738,31920,98,Maha
JAFFNA,1982,4853,7132,7132,30.8,Yala
JAFFNA,1981/1982,2288,28891,31691,53.1,Maha
JAFFNA,1983,3830,6817,6852,23.2,Yala
JAFFNA,1982/1983,2672,29936,31876,124.4,Maha
JAFFNA,1983/1984,1255,14400,31758,16,Maha
JAFFNA,1984/1985,1686,10569,11054,15.8,Maha
JAFFNA,1985/1986,1792,8403,10877,13.4,Maha
JAFFNA,1986/1987,1608,9644,10557,13.8,Maha
JAFFNA,1987/1988,1805,9929,11032,15.9,Maha
JAFFNA,1988/1989,1702,6919,10504,10.5,Maha
JAFFNA,1989/1990,2342,11133,11189,23.2,Maha
JAFFNA,1991/1992,1805,9840,10218,15.8,Maha
JAFFNA,1992/1993,1908,8208,8550,13.9,Maha
JAFFNA,1993/1994,2145,8072,9132,15.4,Maha
JAFFNA,1994/1995,2633,9052,9253,21.2,Maha
JAFFNA,1997/1998,1935,6424,6762,11.1,Maha
JAFFNA,1998/1999,2217,7165,8412,14.1,Maha
JAFFNA,1999/2000,3137,7636,8845,21,Maha
JAFFNA,2000/2001,2245,3924,5555,8,Maha
JAFFNA,2001/2002,3404,5018,5629,15,Maha
JAFFNA,2002/2003,3419,6467,7791,20,Maha
JAFFNA,2003/2004,2016,7118,7279,12.7,Maha
JAFFNA,2004/2005,2214,7231,7636,14.2,Maha
JAFFNA,2005/2006,1977,7249,7568,12.7,Maha
JAFFNA,2006/2007,2141,6257,6918,11.9,Maha
JAFFNA,2007/2008,2887,7248,7566,18.6,Maha
JAFFNA,2008/2009,2506,7297,8171,147.3,Maha
JAFFNA,2009/2010,2605,8703,8948,193.3,Maha
JAFFNA,2010/2011,2659,8636,9221,30.5,Maha
JAFFNA,2011/2012,2680,8668,8755,171.7,Maha
JAFFNA,2012/2013,2388,10031,10219,115.6,Maha
JAFFNA,2013/2014,1547,2624,10180,166,Maha
JAFFNA,2014/2015,3096,9829,10038,120.6,Maha
JAFFNA,2015/2016,2352,8389,10252,150.43,Maha
JAFFNA,2016/2017,2021,1830,10049,81.88,Maha
JAFFNA,2017/2018,2055,8964,10424,177.29,Maha
JAFFNA,2018/2019,4224,10171,10588,190.17,Maha
JAFFNA,2019/2020,3628,10291,10445,204.49,Maha
JAFFNA,2021/2022,2176,7775,11127,96.25,Maha
JAFFNA,2022/2023,2889,11261,11408,194.67,Maha
JAFFNA,2023/2024,2691,11340,11362,142.52,Maha
KALUTARA,1979,1690,16372,16690,25.6,Yala
KALUTARA,1978/1979,1707,18364,18897,29,Maha
KALUTARA,1979/1980,1803,18636,19204,31,Maha
KALUTARA,1981,1909,17948,18396,31.7,Yala
KALUTARA,1980/1981,2123,19054,19233,37.4,Maha
KALUTARA,1982,1847,15968,17706,27.3,Yala
KALUTARA,1981/1982,2605,18769,19026,45.2,Maha
KALUTARA,1983,2177,11349,11865,22.8,Yala
KALUTARA,1982/1983,2518,18348,19549,42.7,Maha
KALUTARA,1984,2091,15635,17127,30.2,Yala
KALUTARA,1983/1984,2631,19206,19586,46.7,Maha
KALUTARA,1985,1815,15967,16898,26.8,Yala
KALUTARA,1984/1985,2389,19585,19786,43.2,Maha
KALUTARA,1986,2264,16485,16767,34.5,Yala
KALUTARA,1985/1986,2558,19297,19498,45.6,Maha
KALUTARA,1987,2015,14407,14945,26.8,Yala
KALUTARA,1986/1987,2802,18906,18967,48.9,Maha
KALUTARA,1988,2112,15808,16207,30.8,Yala
KALUTARA,1987/1988,2523,17879,18563,41.7,Maha
KALUTARA,1989,2418,15974,16151,35.7,Yala
KALUTARA,1988/1989,2337,17796,18257,38.4,Maha
KALUTARA,1990,2434,16183,16254,36.4,Yala
KALUTARA,1989/1990,2624,17827,18030,43.2,Maha
KALUTARA,1991,2108,15198,16386,29.6,Yala
KALUTARA,1990/1991,2731,17918,17961,45.2,Maha
KALUTARA,1992,2319,13321,13639,28.5,Yala
KALUTARA,1991/1992,2783,17762,17825,45.7,Maha
KALUTARA,1993,2059,13241,13618,25.2,Yala
KALUTARA,1992/1993,2392,16702,16902,36.9,Maha
KALUTARA,1994,2305,14402,14506,30.7,Yala
KALUTARA,1993/1994,2858,16663,16732,44,Maha
KALUTARA,1995,2327,12701,13025,27.3,Yala
KALUTARA,1994/1995,2704,16659,16707,41.6,Maha
KALUTARA,1996,2184,11700,11842,23.6,Yala
KALUTARA,1995/1996,2375,16442,16496,36.1,Maha
KALUTARA,1997,2574,11510,11541,27.4,Yala
KALUTARA,1996/1997,2689,16333,16351,40.6,Maha
KALUTARA,1998,2696,8993,9636,22.4,Yala
KALUTARA,1997/1998,2547,15355,15995,36.1,Maha
KALUTARA,1999,2488,12470,13244,28.7,Yala
KALUTARA,1998/1999,3064,15374,15397,43.5,Maha
KALUTARA,2000,2661,12807,12817,31,Yala
KALUTARA,1999/2000,2859,15146,15455,40,Maha
KALUTARA,2001,2734,13022,13034,32.9,Yala
KALUTARA,2000/2001,2918,15058,15066,40.6,Maha
KALUTARA,2002,2495,12497,13155,29.4,Yala
KALUTARA,2001/2002,2876,14798,14805,39.3,Maha
KALUTARA,2003,2364,10766,11701,22.8,Yala
KALUTARA,2002/2003,2478,13414,14120,30.7,Maha
KALUTARA,2004,2312,9140,9169,19.5,Yala
KALUTARA,2003/2004,2426,13397,13487,30,Maha
KALUTARA,2005,2335,11446,11479,24.7,Yala
KALUTARA,2004/2005,2865,13610,13642,36,Maha
KALUTARA,2006,2693,9385,9759,23.3,Yala
KALUTARA,2005/2006,2861,13160,13197,34.7,Maha
KALUTARA,2007,3060,7114,7135,20.1,Yala
KALUTARA,2006/2007,3170,11431,12511,33.4,Maha
KALUTARA,2008,2743,10849,12368,27.5,Yala
KALUTARA,2007/2008,2884,13476,13476,35.8,Maha
KALUTARA,2009,2898,12863,12872,34.4,Yala
KALUTARA,2008/2009,3115,14637,14684,42.1,Maha
KALUTARA,2010,2682,11935,12025,29.5,Yala
KALUTARA,2009/2010,3208,15289,15369,45.2,Maha
KALUTARA,2011,2430,11394,11499,25.5,Yala
KALUTARA,2010/2011,2917,15005,15024,40.4,Maha
KALUTARA,2012,2398,7216,7232,16,Yala
KALUTARA,2011/2012,3367,14074,14151,43.7,Maha
KALUTARA,2013,2539,6906,6906,16.2,Yala
KALUTARA,2012/2013,3105,13582,13638,38.9,Maha
KALUTARA,2014,2817,6260,6272,16.3,Yala
KALUTARA,2013/2014,2915,12691,12744,34.1,Maha
KALUTARA,2015,3495,7755,7796,25,Yala
KALUTARA,2014/2015,3644,12992,13020,43.7,Maha
KALUTARA,2016,2954,2786,2799,7.59,Yala
KALUTARA,2015/2016,3358,11722,11736,36.31,Maha
KALUTARA,2017,3228,5635,5785,16.78,Yala
KALUTARA,2016/2017,3565,8834,8838,29.05,Maha
KALUTARA,2018,3034,6108,6178,17.1,Yala
KALUTARA,2017/2018,3349,11039,11084,34.11,Maha
KALUTARA,2019,2857,4742,5076,12.5,Yala
KALUTARA,2018/2019,3642,10292,10297,34.57,Maha
KALUTARA,2020,3380,11592,11653,36.15,Yala
KALUTARA,2019/2020,3641,9490,9556,31.88,Maha
KALUTARA,2021,3048,9429,9766,26.52,Yala
KALUTARA,2022,2330,10661,10765,22.92,Yala
KALUTARA,2021/2022,2563,11566,11939,27.35,Maha
KALUTARA,2023,2487,9115,9132,20.91,Yala
KALUTARA,2022/2023,2735,13071,13148,32.97,Maha
KALUTARA,2024,2694,5939,5965,14.76,Yala
KALUTARA,2023/2024,3032,11493,11547,32.14,Maha
KANDY,1979,2795,15155,15371,33.5,Yala
KANDY,1978/1979,3201,22141,22367,49.8,Maha
KANDY,1979/1980,3141,22288,22423,52,Maha
KANDY,1981,2958,13934,14051,32.6,Yala
KANDY,1980/1981,3208,22324,22383,41.6,Maha
KANDY,1982,3529,14918,15015,41.7,Yala
KANDY,1981/1982,3144,17987,18991,58.8,Maha
KANDY,1983,3087,8851,8946,21.7,Yala
KANDY,1982/1983,3577,19353,19429,71.1,Maha
KANDY,1984,3417,14289,14290,38.7,Yala
KANDY,1983/1984,3171,19112,19136,48,Maha
KANDY,1985,3200,14154,14160,35.9,Yala
KANDY,1984/1985,3727,18572,18574,54.8,Maha
KANDY,1986,3090,15343,15345,36.8,Yala
KANDY,1985/1986,3998,18904,18931,59.9,Maha
KANDY,1987,2804,13875,13989,30.8,Yala
KANDY,1986/1987,3242,18248,18889,46.9,Maha
KANDY,1988,3099,15273,15353,37.5,Yala
KANDY,1987/1988,3398,18952,19034,51,Maha
KANDY,1989,3321,14489,14592,38.1,Yala
KANDY,1988/1989,3368,19023,19057,50.7,Maha
KANDY,1990,3205,16102,16110,40.9,Yala
KANDY,1989/1990,3251,19115,19147,49.2,Maha
KANDY,1991,2942,14811,14845,34.5,Yala
KANDY,1990/1991,3377,19143,19155,51.2,Maha
KANDY,1992,3120,13766,13794,34,Yala
KANDY,1991/1992,3333,16487,18975,43.5,Maha
KANDY,1993,2258,12038,12039,21.5,Yala
KANDY,1992/1993,2509,17230,17230,34.3,Maha
KANDY,1994,2542,8912,8930,17.5,Yala
KANDY,1993/1994,2785,17034,17046,37.6,Maha
KANDY,1995,3188,12184,12191,30.8,Yala
KANDY,1994/1995,3015,17088,17089,40.8,Maha
KANDY,1996,2873,10124,10223,23,Yala
KANDY,1995/1996,3466,16916,16916,46.4,Maha
KANDY,1997,3140,11096,11322,27.6,Yala
KANDY,1996/1997,3367,16802,16892,44.8,Maha
KANDY,1998,3228,7546,7864,19.3,Yala
KANDY,1997/1998,3151,16235,16461,40.5,Maha
KANDY,1999,3568,10764,11308,30.4,Yala
KANDY,1998/1999,2973,15949,15961,37.6,Maha
KANDY,2000,3492,8340,8395,23,Yala
KANDY,1999/2000,3509,15176,15809,42.2,Maha
KANDY,2001,3794,10066,10075,30.2,Yala
KANDY,2000/2001,3923,15600,15695,48.5,Maha
KANDY,2002,3449,9981,10506,27,Yala
KANDY,2001/2002,3910,15442,15465,47.8,Maha
KANDY,2003,3577,9651,10336,25.2,Yala
KANDY,2002/2003,3554,13914,14646,39.2,Maha
KANDY,2004,3962,8022,8336,25.1,Yala
KANDY,2003/2004,3627,12700,13187,36.4,Maha
KANDY,2005,3489,8774,8852,24.2,Yala
KANDY,2004/2005,3488,13526,13563,37.3,Maha
KANDY,2006,3895,7893,8067,24.3,Yala
KANDY,2005/2006,3620,12595,12784,36.1,Maha
KANDY,2007,3903,8054,8157,24.9,Yala
KANDY,2006/2007,3710,12039,12042,35.3,Maha
KANDY,2008,3895,11617,11629,35.8,Yala
KANDY,2007/2008,3764,13453,13476,40,Maha
KANDY,2009,3545,9185,9262,25.7,Yala
KANDY,2008/2009,3768,13495,14071,16.2,Maha
KANDY,2010,3567,10103,10121,28.5,Yala
KANDY,2009/2010,3470,13826,13837,20.1,Maha
KANDY,2011,3737,8943,9127,26.2,Yala
KANDY,2010/2011,3121,12856,13828,20.4,Maha
KANDY,2012,3642,5389,5558,15.4,Yala
KANDY,2011/2012,4169,12697,13299,20.6,Maha
KANDY,2013,3691,8439,8459,24.6,Yala
KANDY,2012/2013,4013,11944,11992,21.3,Maha
KANDY,2014,3667,8110,8118,23.5,Yala
KANDY,2013/2014,4187,11823,12026,3.6,Maha
KANDY,2015,3647,8545,8552,24.6,Yala
KANDY,2014/2015,4203,12065,12135,27,Maha
KANDY,2016,3533,7552,7565,21.1,Yala
KANDY,2015/2016,3764,11733,11747,17.51,Maha
KANDY,2017,4162,6219,6277,20.47,Yala
KANDY,2016/2017,4377,8300,8560,3.28,Maha
KANDY,2018,4197,6332,6389,21.01,Yala
KANDY,2017/2018,3851,10842,11035,16.35,Maha
KANDY,2019,3399,5817,5858,15.63,Yala
KANDY,2018/2019,4289,11072,11112,38.12,Maha
KANDY,2020,4099,8803,8837,28.54,Yala
KANDY,2019/2020,4422,10993,11004,33.14,Maha
KANDY,2021,2945,9256,9278,21.56,Yala
KANDY,2022,3227,10089,10090,25.74,Yala
KANDY,2021/2022,3235,12201,12211,15.01,Maha
KANDY,2023,3762,9861,9900,29.34,Yala
KANDY,2022/2023,3610,13172,13178,28.87,Maha
KANDY,2024,2859,8840,8846,20,Yala
KANDY,2023/2024,3836,12818,12821,27.08,Maha
KEGALLE,1979,2012,8685,9028,16.4,Yala
KEGALLE,1978/1979,3153,11100,11355,24.8,Maha
KEGALLE,1979/1980,3003,10763,11023,25.3,Maha
KEGALLE,1981,3023,10528,10595,29.9,Yala
KEGALLE,1980/1981,3427,11072,11164,32.3,Maha
KEGALLE,1982,3625,10780,10835,36.7,Yala
KEGALLE,1981/1982,3580,11124,11189,34.5,Maha
KEGALLE,1983,3350,6379,6390,20,Yala
KEGALLE,1982/1983,3435,11151,11188,34.3,Maha
KEGALLE,1984,3079,10882,10971,31.4,Yala
KEGALLE,1983/1984,3507,11115,11161,36.6,Maha
KEGALLE,1985,3472,10905,11004,35.5,Yala
KEGALLE,1984/1985,3586,11139,11158,37.5,Maha
KEGALLE,1986,2859,9986,10624,26.8,Yala
KEGALLE,1985/1986,3538,11143,11156,37,Maha
KEGALLE,1987,3117,9855,10109,28.8,Yala
KEGALLE,1986/1987,3446,10448,11135,33.8,Maha
KEGALLE,1988,2979,10706,10720,29.9,Yala
KEGALLE,1987/1988,3076,11110,11128,32.1,Maha
KEGALLE,1989,2780,9572,9595,25,Yala
KEGALLE,1988/1989,3460,11127,11138,36.1,Maha
KEGALLE,1990,2621,10909,10924,26.8,Yala
KEGALLE,1989/1990,3592,11112,11143,37.5,Maha
KEGALLE,1991,2508,10912,10933,25.7,Yala
KEGALLE,1990/1991,3453,11046,11059,35.8,Maha
KEGALLE,1992,2880,10707,10747,28.9,Yala
KEGALLE,1991/1992,3357,10924,11029,34.4,Maha
KEGALLE,1993,3086,10665,10736,30.9,Yala
KEGALLE,1992/1993,3787,10883,10903,38.7,Maha
KEGALLE,1994,2936,10033,10154,27.6,Yala
KEGALLE,1993/1994,3493,10922,10923,35.8,Maha
KEGALLE,1995,2553,10576,10642,25.3,Yala
KEGALLE,1994/1995,3709,10901,10911,37.9,Maha
KEGALLE,1996,2791,7156,7207,18.7,Yala
KEGALLE,1995/1996,3539,10825,10899,35.9,Maha
KEGALLE,1997,2883,9685,9728,26.2,Yala
KEGALLE,1996/1997,3641,10894,10901,37.2,Maha
KEGALLE,1998,2481,5306,5680,12.4,Yala
KEGALLE,1997/1998,3436,10193,10218,32.9,Maha
KEGALLE,1999,3233,8370,8884,25.4,Yala
KEGALLE,1998/1999,3354,10129,10184,31.9,Maha
KEGALLE,2000,2843,5403,5534,14,Yala
KEGALLE,1999/2000,3709,9804,10004,34.8,Maha
KEGALLE,2001,3113,5917,6286,17.3,Yala
KEGALLE,2000/2001,3885,6286,9115,22.9,Maha
KEGALLE,2002,2961,7223,7603,20.5,Yala
KEGALLE,2001/2002,4042,9327,9351,35.4,Maha
KEGALLE,2003,3045,7841,8523,22.4,Yala
KEGALLE,2002/2003,3421,8628,9082,27.7,Maha
KEGALLE,2004,3513,6037,6579,19.9,Yala
KEGALLE,2003/2004,3233,6951,8850,21.1,Maha
KEGALLE,2005,3078,7750,7774,22.3,Yala
KEGALLE,2004/2005,3403,8919,8923,28.4,Maha
KEGALLE,2006,3130,5468,5471,16,Yala
KEGALLE,2005/2006,4032,8776,8777,33.2,Maha
KEGALLE,2007,3291,5049,5159,15.6,Yala
KEGALLE,2006/2007,3143,8228,8233,24.2,Maha
KEGALLE,2008,3323,7424,7431,23.1,Yala
KEGALLE,2007/2008,3749,7174,7486,26,Maha
KEGALLE,2009,3374,7610,7617,24.1,Yala
KEGALLE,2008/2009,3721,8089,8179,37.1,Maha
KEGALLE,2010,2846,7209,7216,19.2,Yala
KEGALLE,2009/2010,3791,8331,8337,44.1,Maha
KEGALLE,2011,2756,7003,7024,18.1,Yala
KEGALLE,2010/2011,2993,8199,8212,38.7,Maha
KEGALLE,2012,2728,2275,2882,5.8,Yala
KEGALLE,2011/2012,3629,7052,7103,42.7,Maha
KEGALLE,2013,2783,4661,4725,12.2,Yala
KEGALLE,2012/2013,3916,5089,5093,39,Maha
KEGALLE,2014,2763,3934,3969,10.2,Yala
KEGALLE,2013/2014,3344,5946,6088,36.1,Maha
KEGALLE,2015,3437,4678,4723,15.1,Yala
KEGALLE,2014/2015,3857,6182,6240,38.3,Maha
KEGALLE,2016,3349,2418,2462,7.59,Yala
KEGALLE,2015/2016,3933,5713,5757,23.48,Maha
KEGALLE,2017,2871,1660,1676,4.46,Yala
KEGALLE,2016/2017,3996,1845,3691,22.42,Maha
KEGALLE,2018,3124,4622,4663,13.53,Yala
KEGALLE,2017/2018,4372,5724,5793,25.06,Maha
KEGALLE,2019,2882,2285,2684,6.17,Yala
KEGALLE,2018/2019,4721,5890,5890,21.11,Maha
KEGALLE,2020,3731,6252,6314,21.86,Yala
KEGALLE,2019/2020,4558,5338,5356,24.73,Maha
KEGALLE,2021,2991,5460,5477,15.3,Yala
KEGALLE,2022,2548,6088,6104,14.53,Yala
KEGALLE,2021/2022,3499,6291,6301,21.49,Maha
KEGALLE,2023,2974,6382,6494,17.78,Yala
KEGALLE,2022/2023,3581,7127,7131,23.8,Maha
KEGALLE,2024,2884,4338,4338,11.72,Yala
KEGALLE,2023/2024,3622,6125,6126,15.98,Maha
KURUNEGALA,1979,2329,11403,30944,26.6,Yala
KURUNEGALA,1978/1979,2610,64846,67097,31.5,Maha
KURUNEGALA,1979/1980,3025,66230,70506,35.6,Maha
KURUNEGALA,1981,3284,35041,38645,115.3,Yala
KURUNEGALA,1980/1981,3270,70613,70991,33.2,Maha
KURUNEGALA,1982,3453,43611,44426,150.8,Yala
KURUNEGALA,1981/1982,3698,54909,63525,43.3,Maha
KURUNEGALA,1983,3300,20965,34723,69.3,Yala
KURUNEGALA,1982/1983,3633,60449,61422,42.8,Maha
KURUNEGALA,1984,2985,60958,61234,182.2,Yala
KURUNEGALA,1983/1984,3055,63060,63377,193,Maha
KURUNEGALA,1985,2989,39010,40697,116.8,Yala
KURUNEGALA,1984/1985,3617,70951,70997,257.1,Maha
KURUNEGALA,1986,2811,22349,48157,62.9,Yala
KURUNEGALA,1985/1986,3724,71524,71604,266.8,Maha
KURUNEGALA,1987,3330,18220,34580,60.8,Yala
KURUNEGALA,1986/1987,3663,18100,56580,66.4,Maha
KURUNEGALA,1988,3009,52800,53119,159.1,Yala
KURUNEGALA,1987/1988,3353,64559,69663,216.8,Maha
KURUNEGALA,1989,3259,20433,21846,66.9,Yala
KURUNEGALA,1988/1989,3438,56195,62808,193.5,Maha
KURUNEGALA,1990,2667,36784,40257,98.3,Yala
KURUNEGALA,1989/1990,3436,65356,67743,224.9,Maha
KURUNEGALA,1991,2815,41986,42267,118.4,Yala
KURUNEGALA,1990/1991,3619,68835,68961,249.5,Maha
KURUNEGALA,1992,3291,40977,43543,135.1,Yala
KURUNEGALA,1991/1992,3265,68480,74028,224,Maha
KURUNEGALA,1993,2740,35620,37928,97.8,Yala
KURUNEGALA,1992/1993,3372,69533,71683,234.9,Maha
KURUNEGALA,1994,2780,28963,39874,80.7,Yala
KURUNEGALA,1993/1994,3515,74583,74908,262.6,Maha
KURUNEGALA,1995,3007,48500,52851,146.1,Yala
KURUNEGALA,1994/1995,3533,63270,69559,223.9,Maha
KURUNEGALA,1996,2309,16858,30203,39,Yala
KURUNEGALA,1995/1996,3171,32081,62917,101.9,Maha
KURUNEGALA,1997,2678,33679,39622,90.3,Yala
KURUNEGALA,1996/1997,3493,55259,61041,193.3,Maha
KURUNEGALA,1998,3294,25294,26547,83.5,Yala
KURUNEGALA,1997/1998,3460,72376,73853,250.8,Maha
KURUNEGALA,1999,3349,43023,45287,144.3,Yala
KURUNEGALA,1998/1999,3171,68074,68173,216.3,Maha
KURUNEGALA,2000,3142,17738,34177,55.8,Yala
KURUNEGALA,1999/2000,3614,65686,67715,237.8,Maha
KURUNEGALA,2001,3101,26568,46187,82.5,Yala
KURUNEGALA,2000/2001,3601,44392,45531,160.1,Maha
KURUNEGALA,2002,3207,51574,58947,165,Yala
KURUNEGALA,2001/2002,3521,55680,58576,196.3,Maha
KURUNEGALA,2003,3162,53761,58437,170.4,Yala
KURUNEGALA,2002/2003,3520,64363,75721,227,Maha
KURUNEGALA,2004,3661,19182,22167,70.2,Yala
KURUNEGALA,2003/2004,3608,20788,45038,75,Maha
KURUNEGALA,2005,2955,36773,44961,108.7,Yala
KURUNEGALA,2004/2005,3492,60493,61421,211.2,Maha
KURUNEGALA,2006,3653,33338,35093,121.8,Yala
KURUNEGALA,2005/2006,3655,73205,73331,267.6,Maha
KURUNEGALA,2007,3755,22780,28729,85.5,Yala
KURUNEGALA,2006/2007,4035,69736,71731,281.4,Maha
KURUNEGALA,2008,3148,68188,68912,214.6,Yala
KURUNEGALA,2007/2008,3838,75243,75351,288.8,Maha
KURUNEGALA,2009,3534,46516,48916,164.4,Yala
KURUNEGALA,2008/2009,3940,76812,77291,45.3,Maha
KURUNEGALA,2010,3993,56386,56682,225.2,Yala
KURUNEGALA,2009/2010,4033,68023,68758,45.5,Maha
KURUNEGALA,2011,3758,67458,68619,253.5,Yala
KURUNEGALA,2010/2011,3319,80206,81263,39.8,Maha
KURUNEGALA,2012,3413,15153,41517,51.7,Yala
KURUNEGALA,2011/2012,3934,56718,62621,43.8,Maha
KURUNEGALA,2013,3619,52300,52461,189.3,Yala
KURUNEGALA,2012/2013,4806,80851,81580,45.7,Maha
KURUNEGALA,2014,3453,52587,59599,181.6,Yala
KURUNEGALA,2013/2014,4062,55480,61138,42.4,Maha
KURUNEGALA,2015,3562,61318,62649,218.4,Yala
KURUNEGALA,2014/2015,3609,77108,79375,48.2,Maha
KURUNEGALA,2016,3537,49356,50190,174.6,Yala
KURUNEGALA,2015/2016,4131,80625,80778,37.93,Maha
KURUNEGALA,2017,3940,9728,15824,38.33,Yala
KURUNEGALA,2016/2017,4540,18481,46788,41.65,Maha
KURUNEGALA,2018,3899,46830,50261,182.58,Yala
KURUNEGALA,2017/2018,4418,42541,47616,40.43,Maha
KURUNEGALA,2019,4015,30764,39148,123.52,Yala
KURUNEGALA,2018/2019,4711,80075,80370,42.04,Maha
KURUNEGALA,2020,4397,56531,58127,248.55,Yala
KURUNEGALA,2019/2020,4732,82011,82478,35.58,Maha
KURUNEGALA,2021,4024,67988,68573,273.57,Yala
KURUNEGALA,2022,2775,56581,56830,157,Yala
KURUNEGALA,2021/2022,3229,80609,81454,28.76,Maha
KURUNEGALA,2023,3447,59851,65288,206.29,Yala
KURUNEGALA,2022/2023,3760,77857,78253,38.88,Maha
KURUNEGALA,2024,3708,56697,57102,210.24,Yala
KURUNEGALA,2023/2024,3592,74682,75307,25.43,Maha
MANNAR,1978/1979,4603,13856,15612,19.3,Maha
MANNAR,1979/1980,3926,16247,17029,18.7,Maha
MANNAR,1981,2856,105,106,0.3,Yala
MANNAR,1980/1981,2633,10685,15410,26.9,Maha
MANNAR,1982,1836,96,112,0.2,Yala
MANNAR,1981/1982,1956,10266,16024,15.6,Maha
MANNAR,1983,4297,210,238,0.9,Yala
MANNAR,1982/1983,4343,15444,16975,22,Maha
MANNAR,1984,3058,773,826,2.3,Yala
MANNAR,1983/1984,3644,11563,14503,40.3,Maha
MANNAR,1985,3650,364,393,1.3,Yala
MANNAR,1984/1985,3781,13087,13141,47.3,Maha
MANNAR,1986,2829,364,367,1,Yala
MANNAR,1985/1986,4126,13912,14155,54.9,Maha
MANNAR,1987,3379,51,72,0.2,Yala
MANNAR,1986/1987,2480,6493,14630,15.4,Maha
MANNAR,1988,2998,851,851,2.4,Yala
MANNAR,1987/1988,3794,11704,13411,42.5,Maha
MANNAR,1989,2616,11,13,0,Yala
MANNAR,1988/1989,3423,1978,6971,6.5,Maha
MANNAR,1990,0,11,12,0,Yala
MANNAR,1989/1990,4199,8143,8227,32.7,Maha
MANNAR,1991,2964,11,12,0,Yala
MANNAR,1992,0,520,548,1.4,Yala
MANNAR,1991/1992,3351,8305,8474,26.6,Maha
MANNAR,1993,0,44,46,0.1,Yala
MANNAR,1992/1993,3661,2422,2472,8.5,Maha
MANNAR,1994,2887,1058,1104,2.9,Yala
MANNAR,1993/1994,3712,2800,4842,9.9,Maha
MANNAR,1995,2939,905,949,2.5,Yala
MANNAR,1994/1995,2939,4424,5645,12.4,Maha
MANNAR,1996,2939,448,456,1.3,Yala
MANNAR,1995/1996,3094,2843,3584,8.4,Maha
MANNAR,1997,2681,123,144,0.3,Yala
MANNAR,1996/1997,2939,6475,6515,18.2,Maha
MANNAR,1997/1998,2578,5549,5842,13.7,Maha
MANNAR,1999,2640,717,741,1.8,Yala
MANNAR,1998/1999,2784,6761,6920,18,Maha
MANNAR,2000,2681,796,848,2,Yala
MANNAR,1999/2000,2814,6404,6671,17,Maha
MANNAR,2001,2649,806,848,2,Yala
MANNAR,2000/2001,2803,4026,4047,11,Maha
MANNAR,2002,2710,1098,1146,3,Yala
MANNAR,2001/2002,3924,3966,4047,15,Maha
MANNAR,2003,2674,506,551,1.3,Yala
MANNAR,2002/2003,4271,8306,9229,34,Maha
MANNAR,2004,2836,199,221,0.5,Yala
MANNAR,2003/2004,4102,6047,8905,23.7,Maha
MANNAR,2005,4101,1071,1093,4.2,Yala
MANNAR,2004/2005,4203,9529,9529,38.2,Maha
MANNAR,2006,4067,48,48,0.2,Yala
MANNAR,2005/2006,4108,9326,9715,36.6,Maha
MANNAR,2007,4224,835,843,3.4,Yala
MANNAR,2006/2007,3874,5442,5668,20.1,Maha
MANNAR,2008,4288,886,984,3.6,Yala
MANNAR,2007/2008,3640,2681,4894,9.3,Maha
MANNAR,2008/2009,3670,5352,5352,66,Maha
MANNAR,2010,3909,600,600,2.2,Yala
MANNAR,2009/2010,5403,8093,8093,48.1,Maha
MANNAR,2011,3842,1799,1818,6.6,Yala
MANNAR,2010/2011,4001,10992,11693,60,Maha
MANNAR,2012,3759,1850,2201,6.2,Yala
MANNAR,2011/2012,4798,13416,13416,42,Maha
MANNAR,2013,5694,2248,2248,12.2,Yala
MANNAR,2012/2013,5509,14824,15663,73.6,Maha
MANNAR,2014,3970,1195,1726,4.5,Yala
MANNAR,2013/2014,5254,4989,5313,43.6,Maha
MANNAR,2015,4954,2798,2976,13.2,Yala
MANNAR,2014/2015,5489,16919,17321,62.6,Maha
MANNAR,2016,4162,2000,2416,7.95,Yala
MANNAR,2015/2016,4999,18664,18698,66.47,Maha
MANNAR,2017,2839,101,101,0.27,Yala
MANNAR,2016/2017,4242,13863,14565,20.89,Maha
MANNAR,2018,4777,479,479,2.19,Yala
MANNAR,2017/2018,4487,18225,19405,18.32,Maha
MANNAR,2019,5514,915,925,4.82,Yala
MANNAR,2018/2019,5112,19267,19267,79.46,Maha
MANNAR,2020,5372,1610,1610,8.26,Yala
MANNAR,2019/2020,4827,19367,19367,77.45,Maha
MANNAR,2021,4931,2732,2740,12.86,Yala
MANNAR,2022,3425,2274,2275,7.44,Yala
MANNAR,2021/2022,2662,20171,20466,39.99,Maha
MANNAR,2023,4826,2369,2374,10.92,Yala
MANNAR,2022/2023,3497,22113,22117,57.76,Maha
MANNAR,2024,2184,2978,2980,6.21,Yala
MANNAR,2023/2024,4327,27982,27982,63.7,Maha
MATALE,1979,2707,5838,5941,14.2,Yala
MATALE,1978/1979,3245,13294,13814,61,Maha
MATALE,1979/1980,3085,13249,14112,61,Maha
MATALE,1981,2864,4220,4266,10.9,Yala
MATALE,1980/1981,3362,14298,14453,26.9,Maha
MATALE,1982,3306,3726,3859,11.1,Yala
MATALE,1981/1982,3202,8813,13436,19.2,Maha
MATALE,1983,3400,3314,3591,10.2,Yala
MATALE,1982/1983,3749,13716,14593,64.1,Maha
MATALE,1984,2968,5839,5907,15.6,Yala
MATALE,1983/1984,3408,14096,14319,43.3,Maha
MATALE,1985,2943,4292,4399,11.4,Yala
MATALE,1984/1985,3737,15333,15371,51.6,Maha
MATALE,1986,2761,6153,6528,15.3,Yala
MATALE,1985/1986,4286,15512,15532,59.9,Maha
MATALE,1987,2594,3043,4300,7.1,Yala
MATALE,1986/1987,4186,13295,14546,50.1,Maha
MATALE,1988,2831,6232,6378,15.9,Yala
MATALE,1987/1988,3073,13726,14732,38,Maha
MATALE,1989,2936,4302,4337,11.4,Yala
MATALE,1988/1989,3460,12280,12404,38.3,Maha
MATALE,1990,2911,6117,6141,16.1,Yala
MATALE,1989/1990,4097,14660,14701,54.1,Maha
MATALE,1991,3090,4161,4180,11.6,Yala
MATALE,1990/1991,4506,14277,14291,57.9,Maha
MATALE,1992,3471,3429,3693,10.7,Yala
MATALE,1991/1992,3780,13969,14960,47.6,Maha
MATALE,1993,3531,4232,4263,13.5,Yala
MATALE,1992/1993,3794,14884,14959,50.9,Maha
MATALE,1994,3876,3127,3139,10.9,Yala
MATALE,1993/1994,3331,14881,15026,44.6,Maha
MATALE,1995,3184,4628,4648,13.3,Yala
MATALE,1994/1995,3691,14771,14960,49.1,Maha
MATALE,1996,3284,3689,3708,10.9,Yala
MATALE,1995/1996,3746,14089,14291,47.5,Maha
MATALE,1997,3687,4748,4845,15.8,Yala
MATALE,1996/1997,3677,11462,14285,38,Maha
MATALE,1998,3554,5838,6058,18.7,Yala
MATALE,1997/1998,3906,15952,16277,56.1,Maha
MATALE,1999,3784,6222,6492,21.2,Yala
MATALE,1998/1999,3657,13598,13604,44.8,Maha
MATALE,2000,3627,6119,6335,20,Yala
MATALE,1999/2000,3854,13860,14287,48.1,Maha
MATALE,2001,3650,6173,6273,20.3,Yala
MATALE,2000/2001,4503,12688,12689,51.5,Maha
MATALE,2002,3511,6142,6465,19,Yala
MATALE,2001/2002,4089,13314,13320,49,Maha
MATALE,2003,3668,6439,6999,21.2,Yala
MATALE,2002/2003,4162,15554,16372,58.3,Maha
MATALE,2004,4021,4074,4397,14.7,Yala
MATALE,2003/2004,4129,13697,14009,50.9,Maha
MATALE,2005,3205,5276,5368,15.2,Yala
MATALE,2004/2005,3918,15783,15913,55.6,Maha
MATALE,2006,3587,7268,7268,23.4,Yala
MATALE,2005/2006,3472,15874,15906,49.6,Maha
MATALE,2007,4086,5526,5585,20.3,Yala
MATALE,2006/2007,3866,15189,15281,52.8,Maha
MATALE,2008,3784,11874,11960,40.4,Yala
MATALE,2007/2008,3559,18878,19119,60.4,Maha
MATALE,2009,3642,6163,6406,20.2,Yala
MATALE,2008/2009,3759,18958,19374,18.8,Maha
MATALE,2010,4292,10718,10719,41.4,Yala
MATALE,2009/2010,4494,20088,20248,41.8,Maha
MATALE,2011,4202,10607,10718,35.2,Yala
MATALE,2010/2011,3599,19565,19814,42,Maha
MATALE,2012,3686,5160,5638,15,Yala
MATALE,2011/2012,4384,19086,19177,61.5,Maha
MATALE,2013,4617,9292,9318,38.6,Yala
MATALE,2012/2013,4404,21008,21168,78,Maha
MATALE,2014,4169,6295,6507,23.6,Yala
MATALE,2013/2014,3956,17089,18578,25,Maha
MATALE,2015,4202,10152,10186,38.4,Yala
MATALE,2014/2015,4602,20000,20365,88.7,Maha
MATALE,2016,4886,7364,7414,32.36,Yala
MATALE,2015/2016,4460,19724,19858,89.08,Maha
MATALE,2017,4277,5138,5457,19.76,Yala
MATALE,2016/2017,4523,8048,9349,56.15,Maha
MATALE,2018,4561,7713,7967,31.63,Yala
MATALE,2017/2018,4690,15966,16880,78.07,Maha
MATALE,2019,5259,4492,4621,21.25,Yala
MATALE,2018/2019,5260,18847,19115,94.05,Maha
MATALE,2020,5034,8209,8221,37.16,Yala
MATALE,2019/2020,5316,18386,18458,89.26,Maha
MATALE,2021,4639,12325,12343,51.42,Yala
MATALE,2022,2768,12683,12716,31.58,Yala
MATALE,2021/2022,3339,19920,19992,51.28,Maha
MATALE,2023,3976,11566,11757,41.36,Yala
MATALE,2022/2023,4218,20263,20274,73.84,Maha
MATALE,2024,4500,10669,10669,43.18,Yala
MATALE,2023/2024,4333,18796,18876,115.6,Maha
MATARA,1979,2185,17760,18134,31.4,Yala
MATARA,1978/1979,2113,18839,19972,38.9,Maha
MATARA,1979/1980,2278,19746,20175,36.8,Maha
MATARA,1981,2443,18769,18975,36.3,Yala
MATARA,1980/1981,2122,19806,20126,43.3,Maha
MATARA,1982,2134,17165,18514,29,Yala
MATARA,1981/1982,2711,20192,20281,25.4,Maha
MATARA,1983,2249,13321,13471,23.7,Yala
MATARA,1982/1983,2876,18805,20151,46.3,Maha
MATARA,1984,2398,18525,18668,35.1,Yala
MATARA,1983/1984,2757,19708,20007,43,Maha
MATARA,1985,2459,17487,17696,34,Yala
MATARA,1984/1985,3149,19090,19236,40,Maha
MATARA,1986,2676,17863,18211,37.8,Yala
MATARA,1985/1986,2601,18169,18893,37.4,Maha
MATARA,1987,2503,14538,15043,28.8,Yala
MATARA,1986/1987,3264,18924,19211,48.8,Maha
MATARA,1988,2948,17532,17654,40.9,Yala
MATARA,1987/1988,2994,17891,18189,42.4,Maha
MATARA,1989,2721,16046,16297,34.5,Yala
MATARA,1988/1989,3117,18813,18895,46.4,Maha
MATARA,1990,3145,17885,17922,44.5,Yala
MATARA,1989/1990,3253,19213,19480,49.4,Maha
MATARA,1991,2307,14640,15192,26.7,Yala
MATARA,1990/1991,2696,18136,18259,38.7,Maha
MATARA,1992,2689,14289,14317,30.4,Yala
MATARA,1991/1992,3480,19247,19308,53,Maha
MATARA,1993,2658,15622,16575,32.8,Yala
MATARA,1992/1993,2888,18917,19108,43.2,Maha
MATARA,1994,2901,17133,17153,39.3,Yala
MATARA,1993/1994,3143,18342,18367,45.6,Maha
MATARA,1995,2804,15678,15763,34.8,Yala
MATARA,1994/1995,2985,18108,18123,42.7,Maha
MATARA,1996,2771,15198,15240,33.3,Yala
MATARA,1995/1996,2837,17717,17748,39.8,Maha
MATARA,1997,2701,14997,15103,32,Yala
MATARA,1996/1997,3357,18005,18046,47.8,Maha
MATARA,1998,3215,11416,12056,29,Yala
MATARA,1997/1998,3253,17175,17348,44.2,Maha
MATARA,1999,3792,15167,15989,45.5,Yala
MATARA,1998/1999,3431,17147,17148,46.5,Maha
MATARA,2000,3639,16376,16416,47.1,Yala
MATARA,1999/2000,3540,16820,17163,47.1,Maha
MATARA,2001,3341,14658,14658,38.7,Yala
MATARA,2000/2001,3418,17092,17092,46.2,Maha
MATARA,2002,2962,13010,13695,30,Yala
MATARA,2001/2002,3735,15213,15584,44.9,Maha
MATARA,2003,2818,13396,14562,29.8,Yala
MATARA,2002/2003,3514,13989,14724,38.9,Maha
MATARA,2004,3652,13906,13921,40.1,Yala
MATARA,2003/2004,3799,13789,14113,41.4,Maha
MATARA,2005,3219,14103,14115,35.8,Yala
MATARA,2004/2005,3785,14695,14862,43.9,Maha
MATARA,2006,3550,11415,11443,32,Yala
MATARA,2005/2006,4025,14667,14782,46.6,Maha
MATARA,2007,3712,13118,13345,38.4,Yala
MATARA,2006/2007,3692,12858,13176,37.5,Maha
MATARA,2008,3755,15912,15975,47.2,Yala
MATARA,2007/2008,3887,14842,14865,45.5,Maha
MATARA,2009,3628,15538,15722,44.5,Yala
MATARA,2008/2009,3631,15787,16171,64.1,Maha
MATARA,2010,3415,15467,15574,41.7,Yala
MATARA,2009/2010,3641,15811,15908,81.2,Maha
MATARA,2011,3299,15372,15401,40,Yala
MATARA,2010/2011,3474,14515,15925,63.3,Maha
MATARA,2012,3050,12034,12476,29,Yala
MATARA,2011/2012,3653,15177,15196,75.2,Maha
MATARA,2013,3475,11294,11331,31,Yala
MATARA,2012/2013,3960,14613,15344,83.2,Maha
MATARA,2014,3398,11175,11221,30,Yala
MATARA,2013/2014,3882,13847,13890,60.8,Maha
MATARA,2015,3861,12701,13655,38.7,Yala
MATARA,2014/2015,4266,14304,14447,82.8,Maha
MATARA,2016,3719,6334,6404,18.6,Yala
MATARA,2015/2016,4055,11848,12100,79.12,Maha
MATARA,2017,3491,11636,11921,32.08,Yala
MATARA,2016/2017,4584,11509,11579,32.73,Maha
MATARA,2018,3866,12062,12223,36.81,Yala
MATARA,2017/2018,3808,13447,13488,67.35,Maha
MATARA,2019,3240,8750,11306,22.38,Yala
MATARA,2018/2019,4160,12801,12950,89.15,Maha
MATARA,2020,3573,13499,13913,38.08,Yala
MATARA,2019/2020,3886,11596,11746,87.9,Maha
MATARA,2021,3727,13862,14082,40.79,Yala
MATARA,2022,2730,13072,13321,28.18,Yala
MATARA,2021/2022,2764,13178,13685,59.81,Maha
MATARA,2023,2999,9709,12972,22.99,Yala
MATARA,2022/2023,3406,14463,14567,76.86,Maha
MATARA,2024,2936,10649,10649,24.69,Yala
MATARA,2023/2024,3158,10201,10376,73.24,Maha
MONARAGALA,1979,2301,1369,1418,3.1,Yala
MONARAGALA,1981,2754,2254,2287,6.1,Yala
MONARAGALA,1982,2933,4155,4235,12,Yala
MONARAGALA,1983,3836,1991,2357,7.5,Yala
MONARAGALA,1984,3230,5171,5212,16.4,Yala
MONARAGALA,1983/1984,3074,9990,11195,30.1,Maha
MONARAGALA,1985,3324,3483,3807,11.4,Yala
MONARAGALA,1984/1985,2988,10307,10856,30.2,Maha
MONARAGALA,1986,3345,4395,4582,14.4,Yala
MONARAGALA,1985/1986,3810,11288,11397,42.2,Maha
MONARAGALA,1987,3312,2454,2896,8,Yala
MONARAGALA,1986/1987,3309,9122,10158,29.6,Maha
MONARAGALA,1988,3352,2923,3116,9.6,Yala
MONARAGALA,1987/1988,3310,9980,11171,32.4,Maha
MONARAGALA,1989,3206,1759,1855,5.5,Yala
MONARAGALA,1988/1989,2856,10235,10920,28.7,Maha
MONARAGALA,1990,3540,3893,4056,13.5,Yala
MONARAGALA,1989/1990,3564,9531,10189,33.4,Maha
MONARAGALA,1991,3748,4059,4082,14.9,Yala
MONARAGALA,1990/1991,3872,12747,12957,48.4,Maha
MONARAGALA,1992,3346,2173,2546,7.1,Yala
MONARAGALA,1991/1992,3560,8253,11868,28.8,Maha
MONARAGALA,1993,3135,1872,1872,5.8,Yala
MONARAGALA,1992/1993,3485,13937,14077,47.7,Maha
MONARAGALA,1994,2974,4031,4101,11.8,Yala
MONARAGALA,1993/1994,3248,13236,13372,42.2,Maha
MONARAGALA,1995,3088,4281,4283,13,Yala
MONARAGALA,1994/1995,3215,12955,12978,40.9,Maha
MONARAGALA,1996,3360,4241,4279,14,Yala
MONARAGALA,1995/1996,3228,11719,12235,37.1,Maha
MONARAGALA,1997,3780,2868,2927,10.6,Yala
MONARAGALA,1996/1997,3292,7650,11812,24.7,Maha
MONARAGALA,1998,3138,3741,3869,11.5,Yala
MONARAGALA,1997/1998,3398,14319,14502,47.8,Maha
MONARAGALA,1999,3988,5100,5300,19.9,Yala
MONARAGALA,1998/1999,3521,13982,13987,48.3,Maha
MONARAGALA,2000,3852,5622,5741,21.3,Yala
MONARAGALA,1999/2000,3984,12958,13497,50.7,Maha
MONARAGALA,2001,4120,2533,3297,10.2,Yala
MONARAGALA,2000/2001,3937,10878,10882,42,Maha
MONARAGALA,2002,3406,4426,4658,15.1,Yala
MONARAGALA,2001/2002,3956,12007,12225,46.6,Maha
MONARAGALA,2003,3698,6219,6758,21.8,Yala
MONARAGALA,2002/2003,3838,14610,15710,55,Maha
MONARAGALA,2004,3676,4922,5059,17.7,Yala
MONARAGALA,2003/2004,4064,14654,14713,58.4,Maha
MONARAGALA,2005,3711,6082,6114,22.1,Yala
MONARAGALA,2004/2005,3910,15862,15913,60.8,Maha
MONARAGALA,2006,4055,6579,6579,26.1,Yala
MONARAGALA,2005/2006,3957,16746,16746,64.9,Maha
MONARAGALA,2007,4377,8923,8926,38.3,Yala
MONARAGALA,2006/2007,4089,23071,23544,92.4,Maha
MONARAGALA,2008,4272,13612,13716,57,Yala
MONARAGALA,2007/2008,3993,25415,25827,99.4,Maha
MONARAGALA,2009,3645,7325,8341,26.2,Yala
MONARAGALA,2010,4210,13884,14016,57.3,Yala
MONARAGALA,2011,4123,15556,15764,62.9,Yala
MONARAGALA,2010/2011,4077,30544,30587,30.9,Maha
MONARAGALA,2012,3956,11708,13468,45.4,Yala
MONARAGALA,2011/2012,4258,31986,31985,55.6,Maha
MONARAGALA,2013,3696,15319,15346,55.5,Yala
MONARAGALA,2012/2013,4270,36730,36762,42.7,Maha
MONARAGALA,2014,3778,7769,8814,28.8,Yala
MONARAGALA,2013/2014,3969,23637,34814,50.1,Maha
MONARAGALA,2015,4011,15403,15415,60.6,Yala
MONARAGALA,2014/2015,3993,35817,36038,69.3,Maha
MONARAGALA,2016,4363,9384,9405,40.12,Yala
MONARAGALA,2015/2016,3817,37656,37683,84.91,Maha
MONARAGALA,2017,4502,9727,9900,42.91,Yala
MONARAGALA,2016/2017,3922,12625,25680,53.24,Maha
MONARAGALA,2018,3684,12578,12820,45.41,Yala
MONARAGALA,2017/2018,4123,29727,36373,91.48,Maha
MONARAGALA,2019,5122,13187,14146,66.2,Yala
MONARAGALA,2018/2019,4911,26180,36044,83.56,Maha
MONARAGALA,2020,4922,14185,14400,68.42,Yala
MONARAGALA,2019/2020,4796,33653,34356,100.22,Maha
MONARAGALA,2021,5034,15759,15852,77.75,Yala
MONARAGALA,2022,3414,15437,15571,51.65,Yala
MONARAGALA,2021/2022,2987,34188,34361,60.42,Maha
MONARAGALA,2023,4026,16490,16561,65.07,Yala
MONARAGALA,2022/2023,4003,35573,35628,79.55,Maha
MONARAGALA,2024,4334,16420,16459,69.74,Yala
MONARAGALA,2023/2024,4142,36475,36485,49.49,Maha
MULLATIVU,1979,2565,1533,1606,3.7,Yala
MULLATIVU,1978/1979,2365,12286,13024,169.6,Maha
MULLATIVU,1979/1980,2589,12313,12561,200.6,Maha
MULLATIVU,1981,3320,535,545,1.7,Yala
MULLATIVU,1980/1981,1732,7591,13703,231.3,Maha
MULLATIVU,1982,4013,1407,1424,5.3,Yala
MULLATIVU,1981/1982,2550,12807,13923,203.4,Maha
MULLATIVU,1983,2908,1594,1617,4.4,Yala
MULLATIVU,1982/1983,2664,13446,13642,220,Maha
MULLATIVU,1984,3126,3522,3522,10.4,Yala
MULLATIVU,1983/1984,1153,7544,13709,1,Maha
MULLATIVU,1985,3056,1096,1105,3.2,Yala
MULLATIVU,1984/1985,2578,8437,9453,20.6,Maha
MULLATIVU,1986,2737,3027,3057,7.8,Yala
MULLATIVU,1985/1986,2498,8174,8324,19.3,Maha
MULLATIVU,1987,3057,302,327,0.9,Yala
MULLATIVU,1986/1987,1830,3304,6031,5.7,Maha
MULLATIVU,1988,2836,605,619,1.6,Yala
MULLATIVU,1987/1988,2671,5152,6726,13,Maha
MULLATIVU,1989,3087,241,245,0.7,Yala
MULLATIVU,1988/1989,1903,2522,4551,4.5,Maha
MULLATIVU,1990,0,236,245,0.6,Yala
MULLATIVU,1989/1990,2992,6991,7133,19.8,Maha
MULLATIVU,1991,2918,3331,3543,9.2,Yala
MULLATIVU,1992,0,507,528,1.5,Yala
MULLATIVU,1991/1992,2372,5408,6896,12.1,Maha
MULLATIVU,1993,0,1223,1287,3.4,Yala
MULLATIVU,1992/1993,2475,9189,10663,21.5,Maha
MULLATIVU,1994,2990,2437,2471,6.9,Yala
MULLATIVU,1993/1994,2475,6538,8929,15.3,Maha
MULLATIVU,1995,2940,2310,2336,6.4,Yala
MULLATIVU,1994/1995,3609,6230,7558,21.3,Maha
MULLATIVU,1996,2939,217,221,0.5,Yala
MULLATIVU,1995/1996,2578,2948,7453,7.2,Maha
MULLATIVU,1997,2939,667,784,1.9,Yala
MULLATIVU,1996/1997,2836,8094,8175,21.7,Maha
MULLATIVU,1997/1998,2578,7074,7446,17.2,Maha
MULLATIVU,1999,2887,1564,1619,4.3,Yala
MULLATIVU,1998/1999,2578,7477,7891,18.2,Maha
MULLATIVU,2000,2939,1515,1619,4,Yala
MULLATIVU,1999/2000,2578,7250,7553,17,Maha
MULLATIVU,2001,2888,1534,1619,4,Yala
MULLATIVU,2000/2001,2615,2416,2428,6,Maha
MULLATIVU,2002,2990,2973,3006,8,Yala
MULLATIVU,2001/2002,2615,2379,2428,6,Maha
MULLATIVU,2003,3791,1714,1862,6.1,Yala
MULLATIVU,2002/2003,2948,9636,12414,27,Maha
MULLATIVU,2004,4215,486,491,1.9,Yala
MULLATIVU,2003/2004,3977,6880,8041,25.8,Maha
MULLATIVU,2005,3792,2442,2519,8.7,Yala
MULLATIVU,2004/2005,3464,10362,11819,33.9,Maha
MULLATIVU,2006,3650,2617,2755,9,Yala
MULLATIVU,2005/2006,3624,9235,9581,31.6,Maha
MULLATIVU,2007,3765,1839,1862,6.5,Yala
MULLATIVU,2006/2007,3624,9235,9568,31.6,Maha
MULLATIVU,2008,2963,2634,3143,7.4,Yala
MULLATIVU,2007/2008,3430,5937,6596,19.2,Maha
MULLATIVU,2010,3877,1150,1183,4.2,Yala
MULLATIVU,2009/2010,5316,2144,2180,274.3,Maha
MULLATIVU,2011,3669,3371,3433,11.7,Yala
MULLATIVU,2010/2011,2456,6778,10753,266.2,Maha
MULLATIVU,2012,3590,2582,2588,8.8,Yala
MULLATIVU,2011/2012,2994,9720,9727,223.1,Maha
MULLATIVU,2013,5227,3896,3896,19.2,Yala
MULLATIVU,2012/2013,2685,9726,14087,388.6,Maha
MULLATIVU,2014,3633,424,440,1.5,Yala
MULLATIVU,2013/2014,2563,6386,12797,225.3,Maha
MULLATIVU,2015,4540,6969,6969,29.8,Yala
MULLATIVU,2014/2015,3330,14556,14613,278.3,Maha
MULLATIVU,2016,4297,5344,5344,21.67,Yala
MULLATIVU,2015/2016,3622,13415,16046,333.06,Maha
MULLATIVU,2017,3209,905,934,2.74,Yala
MULLATIVU,2016/2017,2957,5767,15662,83.9,Maha
MULLATIVU,2018,4151,1635,1635,6.4,Yala
MULLATIVU,2017/2018,3963,14711,19785,187.95,Maha
MULLATIVU,2019,5081,5262,5294,25.23,Yala
MULLATIVU,2018/2019,4915,10978,16617,377.2,Maha
MULLATIVU,2020,5147,5461,5461,26.51,Yala
MULLATIVU,2019/2020,4644,18259,18259,388.04,Maha
MULLATIVU,2021,5287,7383,7383,36.83,Yala
MULLATIVU,2022,3558,6891,6891,23.13,Yala
MULLATIVU,2021/2022,2305,19828,19990,260.3,Maha
MULLATIVU,2023,4418,5752,5752,23.97,Yala
MULLATIVU,2022/2023,3152,25652,25652,292.72,Maha
MULLATIVU,2024,4198,8206,8222,32.5,Yala
MULLATIVU,2023/2024,3009,23074,25642,268.23,Maha
NUWARA ELIYA,1979,3579,1963,2016,4,Yala
NUWARA ELIYA,1978/1979,4111,4570,4609,38.4,Maha
NUWARA ELIYA,1979/1980,3720,4628,4641,34.9,Maha
NUWARA ELIYA,1981,2926,3550,3552,5.9,Yala
NUWARA ELIYA,1980/1981,4002,4726,4728,20.6,Maha
NUWARA ELIYA,1982,4381,4009,4009,9.9,Yala
NUWARA ELIYA,1981/1982,4691,7214,7462,20,Maha
NUWARA ELIYA,1983,4129,2961,3487,6.9,Yala
NUWARA ELIYA,1982/1983,4366,7192,7528,29.2,Maha
NUWARA ELIYA,1984,3564,3566,3707,7.2,Yala
NUWARA ELIYA,1983/1984,3774,6767,7337,14.4,Maha
NUWARA ELIYA,1985,3774,3624,3742,7.7,Yala
NUWARA ELIYA,1984/1985,3835,7001,7141,15.2,Maha
NUWARA ELIYA,1986,3386,3500,3857,6.7,Yala
NUWARA ELIYA,1985/1986,3655,6746,6925,13.9,Maha
NUWARA ELIYA,1987,4044,3719,3730,8.5,Yala
NUWARA ELIYA,1986/1987,3698,6395,6470,13.4,Maha
NUWARA ELIYA,1988,3474,3749,3751,7.4,Yala
NUWARA ELIYA,1987/1988,3704,6353,6353,13.3,Maha
NUWARA ELIYA,1989,3446,3736,3736,7.3,Yala
NUWARA ELIYA,1988/1989,3538,6381,6381,12.7,Maha
NUWARA ELIYA,1990,2802,3325,3325,5.3,Yala
NUWARA ELIYA,1989/1990,3769,6114,6114,13,Maha
NUWARA ELIYA,1991,3935,3144,3144,7,Yala
NUWARA ELIYA,1990/1991,3908,6165,6171,13.6,Maha
NUWARA ELIYA,1992,3112,3036,3036,5.3,Yala
NUWARA ELIYA,1991/1992,3326,6107,6146,11.5,Maha
NUWARA ELIYA,1993,3612,3035,3035,6.2,Yala
NUWARA ELIYA,1992/1993,3794,6057,6118,13,Maha
NUWARA ELIYA,1994,3871,3036,3046,6.6,Yala
NUWARA ELIYA,1993/1994,4073,6254,6254,14.4,Maha
NUWARA ELIYA,1995,3561,2943,2946,5.9,Yala
NUWARA ELIYA,1994/1995,3609,6201,6205,12.6,Maha
NUWARA ELIYA,1996,3842,2523,2527,5.5,Yala
NUWARA ELIYA,1995/1996,4256,6111,6154,14.7,Maha
NUWARA ELIYA,1997,3250,2879,2882,5.3,Yala
NUWARA ELIYA,1996/1997,4028,5513,5662,12.5,Maha
NUWARA ELIYA,1998,2960,2581,2697,4.3,Yala
NUWARA ELIYA,1997/1998,3867,6470,6603,14.1,Maha
NUWARA ELIYA,1999,3281,2199,2304,4.1,Yala
NUWARA ELIYA,1998/1999,3247,6543,6546,12,Maha
NUWARA ELIYA,2000,3164,2112,2284,3.8,Yala
NUWARA ELIYA,1999/2000,3247,6255,6515,11.5,Maha
NUWARA ELIYA,2001,3786,2251,2251,4.8,Yala
NUWARA ELIYA,2000/2001,3575,5985,6015,12.1,Maha
NUWARA ELIYA,2002,3540,2045,2152,4.2,Yala
NUWARA ELIYA,2001/2002,3638,6322,6322,12.2,Maha
NUWARA ELIYA,2003,3318,1749,1900,3.3,Yala
NUWARA ELIYA,2002/2003,2983,5612,5908,9.5,Maha
NUWARA ELIYA,2004,3630,1964,1964,4,Yala
NUWARA ELIYA,2003/2004,3321,5088,5553,9.5,Maha
NUWARA ELIYA,2005,2917,1893,1932,3.1,Yala
NUWARA ELIYA,2004/2005,4374,5759,5760,14.2,Maha
NUWARA ELIYA,2006,3120,1883,1923,3.3,Yala
NUWARA ELIYA,2005/2006,3898,5934,5935,13,Maha
NUWARA ELIYA,2007,3703,2066,2072,4.3,Yala
NUWARA ELIYA,2006/2007,3459,5331,5335,10.4,Maha
NUWARA ELIYA,2008,3688,2045,2087,4.3,Yala
NUWARA ELIYA,2007/2008,3929,5627,5627,12.5,Maha
NUWARA ELIYA,2009,2913,2858,2884,4.7,Yala
NUWARA ELIYA,2008/2009,4145,5567,5576,29.6,Maha
NUWARA ELIYA,2010,4420,2960,3030,7.4,Yala
NUWARA ELIYA,2009/2010,4134,5583,5586,24.5,Maha
NUWARA ELIYA,2011,4208,2921,2946,6.9,Yala
NUWARA ELIYA,2010/2011,3847,5572,5584,49.2,Maha
NUWARA ELIYA,2012,3087,1139,1144,2,Yala
NUWARA ELIYA,2011/2012,4002,5475,5482,58.9,Maha
NUWARA ELIYA,2013,3196,1832,1832,3.3,Yala
NUWARA ELIYA,2012/2013,5282,5418,5418,62.5,Maha
NUWARA ELIYA,2014,4274,1839,1839,4.4,Yala
NUWARA ELIYA,2013/2014,4403,5025,5031,17.6,Maha
NUWARA ELIYA,2015,3943,2157,2157,4.8,Yala
NUWARA ELIYA,2014/2015,3717,5210,5237,76.4,Maha
NUWARA ELIYA,2016,3297,2015,2017,3.74,Yala
NUWARA ELIYA,2015/2016,3779,4866,4866,71.89,Maha
NUWARA ELIYA,2017,3619,1142,1142,2.33,Yala
NUWARA ELIYA,2016/2017,3897,4322,4322,22.08,Maha
NUWARA ELIYA,2018,4041,2505,2522,5.7,Yala
NUWARA ELIYA,2017/2018,3417,4704,4705,35.07,Maha
NUWARA ELIYA,2019,2715,1487,1487,2.27,Yala
NUWARA ELIYA,2018/2019,4998,4660,4660,96.57,Maha
NUWARA ELIYA,2020,4512,4406,4406,11.2,Yala
NUWARA ELIYA,2019/2020,3608,1735,1735,89.29,Maha
NUWARA ELIYA,2021,3917,2573,2573,5.68,Yala
NUWARA ELIYA,2022,3704,2871,2873,5.99,Yala
NUWARA ELIYA,2021/2022,3922,5034,5044,42.22,Maha
NUWARA ELIYA,2023,4119,2436,2439,5.65,Yala
NUWARA ELIYA,2022/2023,3905,4953,4960,62.1,Maha
NUWARA ELIYA,2024,3905,2131,2132,4.69,Yala
NUWARA ELIYA,2023/2024,4238,4524,4527,83.36,Maha
POLONNARUWA,1979,2837,21743,22179,54.7,Yala
POLONNARUWA,1978/1979,3547,29487,29806,92.7,Maha
POLONNARUWA,1979/1980,3748,30713,30752,102,Maha
POLONNARUWA,1981,3112,24513,24585,67.6,Yala
POLONNARUWA,1980/1981,3737,32067,32071,106.2,Maha
POLONNARUWA,1982,3895,16419,16434,56.7,Yala
POLONNARUWA,1981/1982,4707,30253,31639,126.2,Maha
POLONNARUWA,1983,4438,26141,26293,102.8,Yala
POLONNARUWA,1982/1983,5274,33078,33300,154.6,Maha
POLONNARUWA,1984,3847,26228,26286,89.4,Yala
POLONNARUWA,1983/1984,3785,30488,33602,102.2,Maha
POLONNARUWA,1985,4396,23657,23662,92.1,Yala
POLONNARUWA,1984/1985,4874,32937,32944,142.2,Maha
POLONNARUWA,1986,3943,28703,28862,100.3,Yala
POLONNARUWA,1985/1986,4876,33047,33743,142.8,Maha
POLONNARUWA,1987,3749,25999,28015,86.4,Yala
POLONNARUWA,1986/1987,4912,35899,35925,156.2,Maha
POLONNARUWA,1988,4109,30553,30591,111.2,Yala
POLONNARUWA,1987/1988,4341,38233,38567,147.1,Maha
POLONNARUWA,1989,4112,30656,30886,111.7,Yala
POLONNARUWA,1988/1989,4266,37102,37388,140.2,Maha
POLONNARUWA,1990,3812,37113,37122,125.4,Yala
POLONNARUWA,1989/1990,4554,41156,41228,166.1,Maha
POLONNARUWA,1991,3972,38115,38140,134.1,Yala
POLONNARUWA,1990/1991,4438,43428,43659,170,Maha
POLONNARUWA,1992,3898,28018,28501,96.8,Yala
POLONNARUWA,1991/1992,4414,43401,43658,169.7,Maha
POLONNARUWA,1993,4681,39870,39893,165.4,Yala
POLONNARUWA,1992/1993,5048,43372,43382,194,Maha
POLONNARUWA,1994,4473,42358,42380,167.9,Yala
POLONNARUWA,1993/1994,3023,43736,45772,117.2,Maha
POLONNARUWA,1995,4240,42953,42957,161.4,Yala
POLONNARUWA,1994/1995,4861,45316,45396,195.2,Maha
POLONNARUWA,1996,3973,31039,31077,109.3,Yala
POLONNARUWA,1995/1996,4833,44692,44932,191.4,Maha
POLONNARUWA,1997,4409,34952,35666,136.6,Yala
POLONNARUWA,1996/1997,4916,43532,43961,189.6,Maha
POLONNARUWA,1998,4335,42734,43636,164.1,Yala
POLONNARUWA,1997/1998,4114,47981,48188,174.9,Maha
POLONNARUWA,1999,4365,45813,46144,177.2,Yala
POLONNARUWA,1998/1999,4236,46774,47185,175.5,Maha
POLONNARUWA,2000,4560,47608,47825,192,Yala
POLONNARUWA,1999/2000,4539,50202,51226,202,Maha
POLONNARUWA,2001,4873,47909,47969,207,Yala
POLONNARUWA,2000/2001,4948,48753,48999,213,Maha
POLONNARUWA,2002,4528,43319,45599,174,Yala
POLONNARUWA,2001/2002,4627,48486,49475,198,Maha
POLONNARUWA,2003,4474,46577,50627,184.4,Yala
POLONNARUWA,2002/2003,4462,49885,52511,197,Maha
POLONNARUWA,2004,4988,37840,38634,167,Yala
POLONNARUWA,2003/2004,5020,51290,51863,227.7,Maha
POLONNARUWA,2005,4761,49829,49865,209.8,Yala
POLONNARUWA,2004/2005,4992,52222,53180,230.6,Maha
POLONNARUWA,2006,4899,48501,48501,210.2,Yala
POLONNARUWA,2005/2006,4911,52659,53176,228.8,Maha
POLONNARUWA,2007,5057,49540,49558,221.6,Yala
POLONNARUWA,2006/2007,5119,50533,50565,228.8,Maha
POLONNARUWA,2008,4971,54460,54481,239.5,Yala
POLONNARUWA,2007/2008,4900,55240,55529,239.4,Maha
POLONNARUWA,2009,4737,36583,36862,153.3,Yala
POLONNARUWA,2008/2009,5223,56929,57298,263,Maha
POLONNARUWA,2010,5095,58300,58301,262.7,Yala
POLONNARUWA,2009/2010,5336,60301,60312,284.6,Maha
POLONNARUWA,2011,5028,61605,61666,274,Yala
POLONNARUWA,2010/2011,3831,60145,65396,203.8,Maha
POLONNARUWA,2012,4199,45514,53452,169.1,Yala
POLONNARUWA,2011/2012,5086,64487,64512,290.1,Maha
POLONNARUWA,2013,4725,62503,62503,261.3,Yala
POLONNARUWA,2012/2013,4889,64055,66372,277,Maha
POLONNARUWA,2014,4902,34540,34553,149.8,Yala
POLONNARUWA,2013/2014,4819,61346,62200,261.5,Maha
POLONNARUWA,2015,5131,61799,62135,280.5,Yala
POLONNARUWA,2014/2015,5306,74486,74766,349.6,Maha
POLONNARUWA,2016,5047,56245,56264,251.13,Yala
POLONNARUWA,2015/2016,5056,65123,65202,291.27,Maha
POLONNARUWA,2017,4878,40228,40882,173.6,Yala
POLONNARUWA,2016/2017,5080,47782,49621,214.72,Maha
POLONNARUWA,2018,5070,59865,61559,268.47,Yala
POLONNARUWA,2017/2018,4848,64677,65403,277.35,Maha
POLONNARUWA,2019,5511,61429,61624,299.47,Yala
POLONNARUWA,2018/2019,5075,65188,65970,292.65,Maha
POLONNARUWA,2020,5244,62147,62373,288.31,Yala
POLONNARUWA,2019/2020,5404,66594,67016,318.35,Maha
POLONNARUWA,2021,5441,62399,62626,300.32,Yala
POLONNARUWA,2022,4288,58631,58636,222.41,Yala
POLONNARUWA,2021/2022,3103,66536,66536,182.63,Maha
POLONNARUWA,2023,4918,65990,66033,287.11,Yala
POLONNARUWA,2022/2023,4416,69449,69487,271.31,Maha
POLONNARUWA,2024,5716,66614,66614,336.8,Yala
POLONNARUWA,2023/2024,4697,69843,69983,290.19,Maha
PUTTALAM,1979,1493,513,2038,0.6,Yala
PUTTALAM,1978/1979,2129,10651,12523,58.9,Maha
PUTTALAM,1979/1980,1873,11752,12727,48.6,Maha
PUTTALAM,1981,2011,2800,2941,4.8,Yala
PUTTALAM,1980/1981,2659,11866,13512,63.2,Maha
PUTTALAM,1982,2403,2811,2942,5.7,Yala
PUTTALAM,1981/1982,2088,8779,11634,54.3,Maha
PUTTALAM,1983,2911,1253,1843,3.1,Yala
PUTTALAM,1982/1983,2576,10010,10459,73.6,Maha
PUTTALAM,1984,2670,6147,6414,14,Yala
PUTTALAM,1983/1984,2158,19763,10559,17.9,Maha
PUTTALAM,1985,2834,4792,4942,11.6,Yala
PUTTALAM,1984/1985,2643,10817,11224,24.3,Maha
PUTTALAM,1986,2534,3954,5333,8.5,Yala
PUTTALAM,1985/1986,2555,13064,13778,28.4,Maha
PUTTALAM,1987,2806,974,1668,2.3,Yala
PUTTALAM,1986/1987,2832,5924,11864,14.3,Maha
PUTTALAM,1988,2632,5457,6020,12.2,Yala
PUTTALAM,1987/1988,2853,7914,8569,19.2,Maha
PUTTALAM,1989,3228,2185,2529,6,Yala
PUTTALAM,1988/1989,2977,11445,11863,29,Maha
PUTTALAM,1990,3062,3949,4188,10.3,Yala
PUTTALAM,1989/1990,2623,7193,8507,16.1,Maha
PUTTALAM,1991,2716,4461,4564,10.3,Yala
PUTTALAM,1990/1991,3161,10811,11101,29.1,Maha
PUTTALAM,1992,2482,2593,2690,7.7,Yala
PUTTALAM,1991/1992,2761,13388,14102,31.5,Maha
PUTTALAM,1993,2778,3247,3981,7.7,Yala
PUTTALAM,1992/1993,2347,13392,13665,26.8,Maha
PUTTALAM,1994,3218,6343,6685,17.4,Yala
PUTTALAM,1993/1994,2843,13993,15037,33.9,Maha
PUTTALAM,1995,2711,6479,7123,14.9,Yala
PUTTALAM,1994/1995,3385,11707,13198,33.8,Maha
PUTTALAM,1996,3098,1337,1463,3.5,Yala
PUTTALAM,1995/1996,3429,11110,11885,32.4,Maha
PUTTALAM,1997,3280,2970,3000,8.3,Yala
PUTTALAM,1996/1997,3244,7652,8637,21.1,Maha
PUTTALAM,1998,3605,4826,4958,14.8,Yala
PUTTALAM,1997/1998,3078,13609,13885,35.7,Maha
PUTTALAM,1999,3574,6122,6357,18.6,Yala
PUTTALAM,1998/1999,3259,13038,13201,36.2,Maha
PUTTALAM,2000,3666,5820,6238,18.2,Yala
PUTTALAM,1999/2000,3442,8999,9374,26.4,Maha
PUTTALAM,2001,3423,6831,7602,19.9,Yala
PUTTALAM,2000/2001,3562,5490,5519,16.6,Maha
PUTTALAM,2002,3225,10071,10602,28,Yala
PUTTALAM,2001/2002,3314,7373,9028,20.8,Maha
PUTTALAM,2003,3268,10757,11693,29.5,Yala
PUTTALAM,2002/2003,3108,15148,15945,40.1,Maha
PUTTALAM,2004,3247,2500,2816,6.9,Yala
PUTTALAM,2003/2004,3685,7173,8467,22.5,Maha
PUTTALAM,2005,3405,5634,5927,16.3,Yala
PUTTALAM,2004/2005,3704,10510,10561,33.1,Maha
PUTTALAM,2006,3647,6574,6781,20.4,Yala
PUTTALAM,2005/2006,3451,11263,11360,33,Maha
PUTTALAM,2007,4145,5215,5320,18.4,Yala
PUTTALAM,2006/2007,3962,11774,12579,39.7,Maha
PUTTALAM,2008,3746,14192,14484,45.2,Yala
PUTTALAM,2007/2008,3834,12050,12284,39.3,Maha
PUTTALAM,2009,3653,14831,15258,46.1,Yala
PUTTALAM,2008/2009,3976,19541,19680,117.1,Maha
PUTTALAM,2010,3567,9436,10576,28.6,Yala
PUTTALAM,2009/2010,3973,14236,14415,117.8,Maha
PUTTALAM,2011,3684,17194,17521,53.8,Yala
PUTTALAM,2010/2011,3641,19373,20253,179,Maha
PUTTALAM,2012,3582,4466,6341,13.6,Yala
PUTTALAM,2011/2012,4087,12089,13181,118.6,Maha
PUTTALAM,2013,3856,11154,11533,36.6,Yala
PUTTALAM,2012/2013,4599,18830,20354,165.5,Maha
PUTTALAM,2014,3927,10307,10741,34.4,Yala
PUTTALAM,2013/2014,4072,12588,13944,130.4,Maha
PUTTALAM,2015,3817,15172,15327,49.2,Yala
PUTTALAM,2014/2015,4028,18290,20116,144.7,Maha
PUTTALAM,2016,3282,13569,14150,37.85,Yala
PUTTALAM,2015/2016,3996,19570,20090,128.42,Maha
PUTTALAM,2017,4024,981,2463,3.36,Yala
PUTTALAM,2016/2017,3625,6777,11536,99.83,Maha
PUTTALAM,2018,4524,12081,13001,46.45,Yala
PUTTALAM,2017/2018,4163,5179,5880,174.99,Maha
PUTTALAM,2019,4479,7161,8460,27.26,Yala
PUTTALAM,2018/2019,4584,20393,20681,197.53,Maha
PUTTALAM,2020,4343,14263,15182,52.66,Yala
PUTTALAM,2019/2020,4652,19588,20564,192.35,Maha
PUTTALAM,2021,3950,17491,18602,58.73,Yala
PUTTALAM,2022,2755,13308,13408,31.16,Yala
PUTTALAM,2021/2022,2415,19478,20930,124.87,Maha
PUTTALAM,2023,3810,17270,17672,55.93,Yala
PUTTALAM,2022/2023,3570,19033,19369,178.14,Maha
PUTTALAM,2024,3609,15190,16094,46.6,Yala
PUTTALAM,2023/2024,3843,19500,20652,178.05,Maha
RATNAPURA,1979,2123,12196,12330,22,Yala
RATNAPURA,1978/1979,2295,15006,15317,10.6,Maha
RATNAPURA,1979/1980,2303,15336,15526,9.7,Maha
RATNAPURA,1981,2431,14601,14665,30.2,Yala
RATNAPURA,1980/1981,2281,15729,15806,10.7,Maha
RATNAPURA,1982,2769,14680,15131,34.6,Yala
RATNAPURA,1981/1982,2434,15538,15949,19.1,Maha
RATNAPURA,1983,3135,11036,11237,29.5,Yala
RATNAPURA,1982/1983,3115,16256,16327,17.7,Maha
RATNAPURA,1984,2551,14156,14499,30.7,Yala
RATNAPURA,1983/1984,2911,16134,16214,40,Maha
RATNAPURA,1985,2841,14553,14706,35.2,Yala
RATNAPURA,1984/1985,3152,16034,16076,43,Maha
RATNAPURA,1986,2885,14648,14798,36,Yala
RATNAPURA,1985/1986,2788,16172,16216,38.4,Maha
RATNAPURA,1987,3054,11061,11716,28.8,Yala
RATNAPURA,1986/1987,3029,15551,15932,40.1,Maha
RATNAPURA,1988,2882,13485,13629,33.1,Yala
RATNAPURA,1987/1988,3209,15217,15327,41.6,Maha
RATNAPURA,1989,2844,10446,10554,25.3,Yala
RATNAPURA,1988/1989,3200,15121,15379,41.2,Maha
RATNAPURA,1990,2882,13698,13772,33.6,Yala
RATNAPURA,1989/1990,3350,18702,18785,53,Maha
RATNAPURA,1991,2418,13736,13791,28.3,Yala
RATNAPURA,1990/1991,2937,14827,15087,37.1,Maha
RATNAPURA,1992,2665,10315,10506,23.4,Yala
RATNAPURA,1991/1992,2843,14443,15118,35,Maha
RATNAPURA,1993,3072,13144,13343,34.4,Yala
RATNAPURA,1992/1993,2736,14938,14983,34.8,Maha
RATNAPURA,1994,2797,13452,13485,32,Yala
RATNAPURA,1993/1994,2989,14713,14828,37.4,Maha
RATNAPURA,1995,3312,12079,12640,34.1,Yala
RATNAPURA,1994/1995,2939,14830,14888,37.1,Maha
RATNAPURA,1996,3089,11096,11175,29.2,Yala
RATNAPURA,1995/1996,2923,14379,15058,35.8,Maha
RATNAPURA,1997,3091,11211,11440,29.5,Yala
RATNAPURA,1996/1997,3296,15004,15090,42.1,Maha
RATNAPURA,1998,2706,11219,11829,25.9,Yala
RATNAPURA,1997/1998,2986,15667,15930,37.4,Maha
RATNAPURA,1999,2893,12005,12635,29.6,Yala
RATNAPURA,1998/1999,2927,15595,15678,38.9,Maha
RATNAPURA,2000,3092,12171,12229,32,Yala
RATNAPURA,1999/2000,3296,14956,15578,42,Maha
RATNAPURA,2001,3237,11054,11280,30.5,Yala
RATNAPURA,2000/2001,3346,14465,14562,41.2,Maha
RATNAPURA,2002,3036,11063,11645,28.8,Yala
RATNAPURA,2001/2002,3442,14118,14177,41.4,Maha
RATNAPURA,2003,2610,10521,11436,23.1,Yala
RATNAPURA,2002/2003,3081,12686,13354,33.3,Maha
RATNAPURA,2004,3550,9514,9562,28.7,Yala
RATNAPURA,2003/2004,3003,12613,12643,32.2,Maha
RATNAPURA,2005,3026,10316,10375,26.5,Yala
RATNAPURA,2004/2005,3028,12228,12419,31.5,Maha
RATNAPURA,2006,3368,9482,9520,27.1,Yala
RATNAPURA,2005/2006,3012,12196,12219,31.2,Maha
RATNAPURA,2007,3970,7320,7437,24.7,Yala
RATNAPURA,2006/2007,3342,11092,11136,31.5,Maha
RATNAPURA,2008,3556,11210,11331,33.9,Yala
RATNAPURA,2007/2008,3305,11906,12025,33.4,Maha
RATNAPURA,2009,3277,11840,11978,33,Yala
RATNAPURA,2008/2009,3462,12965,12995,13,Maha
RATNAPURA,2010,3280,11449,11463,31.9,Yala
RATNAPURA,2009/2010,3318,13485,13485,13,Maha
RATNAPURA,2011,3315,11301,11734,31.8,Yala
RATNAPURA,2010/2011,3519,16461,16595,12.1,Maha
RATNAPURA,2012,3447,9122,9743,26.7,Yala
RATNAPURA,2011/2012,3367,12933,12948,12.3,Maha
RATNAPURA,2013,3941,8457,8465,28.3,Yala
RATNAPURA,2012/2013,3766,12574,12586,16.1,Maha
RATNAPURA,2014,3525,7412,7412,22.2,Yala
RATNAPURA,2013/2014,4053,11875,11903,12.5,Maha
RATNAPURA,2015,3688,8290,8311,26,Yala
RATNAPURA,2014/2015,3924,11736,11751,10.9,Maha
RATNAPURA,2016,4172,6132,6205,21.75,Yala
RATNAPURA,2015/2016,3877,11125,11163,10.37,Maha
RATNAPURA,2017,3267,5960,6070,16.55,Yala
RATNAPURA,2016/2017,3697,7749,7955,9.49,Maha
RATNAPURA,2018,4042,7265,7293,24.96,Yala
RATNAPURA,2017/2018,3519,9956,10000,9.06,Maha
RATNAPURA,2019,4834,7184,7349,29.52,Yala
RATNAPURA,2018/2019,4688,11159,11175,13.12,Maha
RATNAPURA,2020,4403,11324,11462,42.38,Yala
RATNAPURA,2019/2020,5097,10737,10756,3.53,Maha
RATNAPURA,2021,4119,10743,10773,37.62,Yala
RATNAPURA,2022,3356,11522,11610,32.87,Yala
RATNAPURA,2021/2022,3365,13041,13092,11.13,Maha
RATNAPURA,2023,4195,10424,10487,37.17,Yala
RATNAPURA,2022/2023,3761,14598,14641,10.9,Maha
RATNAPURA,2024,4566,10331,10331,40.1,Yala
RATNAPURA,2023/2024,4301,12908,12930,10.8,Maha
SRI LANKA,1979,2575,231511,260557,525,Yala
SRI LANKA,1978/1979,2820,550803,578068,1395.6,Maha
SRI LANKA,1979/1980,2951,554410,573434,1455.7,Maha
SRI LANKA,1981,2934,271684,280054,708.2,Yala
SRI LANKA,1980/1981,3005,564970,596692,1524.9,Maha
SRI LANKA,1982,3332,267297,276918,794.2,Yala
SRI LANKA,1981/1982,3150,478217,567244,1365,Maha
SRI LANKA,1983,3604,219116,241213,698.7,Yala
SRI LANKA,1982/1983,3638,557541,582884,1788.9,Maha
SRI LANKA,1984,3146,376874,383769,1062,Yala
SRI LANKA,1983/1984,3031,508933,606441,1354.4,Maha
SRI LANKA,1985,3343,305442,311948,908.6,Yala
SRI LANKA,1984/1985,3498,559235,568743,1750.6,Maha
SRI LANKA,1986,3287,301733,340110,897.7,Yala
SRI LANKA,1985/1986,3585,526920,555209,1687.2,Maha
SRI LANKA,1987,3362,246053,273396,736.7,Yala
SRI LANKA,1986/1987,3678,432693,507830,1392.6,Maha
SRI LANKA,1988,3370,317006,323181,953.5,Yala
SRI LANKA,1987/1988,3440,498553,544628,1527.2,Maha
SRI LANKA,1989,3279,249966,258108,722.6,Yala
SRI LANKA,1988/1989,3429,439787,468850,1344.8,Maha
SRI LANKA,1990,3220,308957,325981,890.4,Yala
SRI LANKA,1989/1990,3564,519290,530726,1650.1,Maha
SRI LANKA,1991,3041,307916,316138,836,Yala
SRI LANKA,1990/1991,3772,416987,500509,1554,Maha
SRI LANKA,1992,3241,243236,254983,711.2,Yala
SRI LANKA,1991/1992,3630,522786,548190,1634.1,Maha
SRI LANKA,1993,3481,281706,288605,879.7,Yala
SRI LANKA,1992/1993,3601,538060,545689,1695.5,Maha
SRI LANKA,1994,3406,335858,348557,1014.7,Yala
SRI LANKA,1993/1994,3376,560692,581064,1673.1,Maha
SRI LANKA,1995,3447,340251,348371,1050.7,Yala
SRI LANKA,1994/1995,3604,549338,566650,1764.1,Maha
SRI LANKA,1996,3477,234892,249815,731.5,Yala
SRI LANKA,1995/1996,3534,425187,498930,1333.6,Maha
SRI LANKA,1997,3542,247020,256812,783.7,Yala
SRI LANKA,1996/1997,3793,443059,472998,1459.6,Maha
SRI LANKA,1998,3871,266065,274419,912.8,Yala
SRI LANKA,1997/1998,3555,563033,573845,1784.2,Maha
SRI LANKA,1999,3753,333082,345468,1123.3,Yala
SRI LANKA,1998/1999,3612,538810,546586,1738.8,Maha
SRI LANKA,2000,3967,305969,328748,1077.6,Yala
SRI LANKA,1999/2000,3798,526009,549246,1781.2,Maha
SRI LANKA,2001,4119,294246,319273,1083,Yala
SRI LANKA,2000/2001,3860,470793,478986,1614,Maha
SRI LANKA,2002,3773,320872,342126,1089.1,Yala
SRI LANKA,2001/2002,3990,498718,510403,1774.5,Maha
SRI LANKA,2003,3709,351878,381033,1172.2,Yala
SRI LANKA,2002/2003,3794,559565,601584,1896.8,Maha
SRI LANKA,2004,4244,250864,257880,958.2,Yala
SRI LANKA,2003/2004,4002,468830,520662,1669.7,Maha
SRI LANKA,2005,3976,345373,356613,1233.5,Yala
SRI LANKA,2004/2005,3955,569888,580562,2012.7,Maha
SRI LANKA,2006,4263,314198,319195,1206.3,Yala
SRI LANKA,2005/2006,4069,585903,591295,2135.6,Maha
SRI LANKA,2007,4543,283663,291375,1158.2,Yala
SRI LANKA,2006/2007,4299,512047,525338,1973.1,Maha
SRI LANKA,2008,4195,464506,471396,1750.4,Yala
SRI LANKA,2007/2008,4181,568348,581597,2126,Maha
SRI LANKA,2009,4186,337606,345431,1267.7,Yala
SRI LANKA,2008/2009,4421,604804,632130,2384,Maha
SRI LANKA,2010,4444,417050,419244,1671.1,Yala
SRI LANKA,2009/2010,4583,643306,646037,2629.6,Maha
SRI LANKA,2011,4347,489285,493005,1898,Yala
SRI LANKA,2010/2011,2994,613492,730050,1996.2,Maha
SRI LANKA,2012,4145,305314,364542,1129,Yala
SRI LANKA,2011/2012,4444,684636,702075,2717,Maha
SRI LANKA,2013,4408,446637,447613,1774.5,Yala
SRI LANKA,2012/2013,4281,741591,779635,2846.3,Maha
SRI LANKA,2014,4204,300725,312979,1144.9,Yala
SRI LANKA,2013/2014,4222,579857,651289,2235.9,Maha
SRI LANKA,2015,4527,475773,480662,1942.4,Yala
SRI LANKA,2014/2015,4364,734967,772626,2877,Maha
SRI LANKA,2016,4417,379970,385318,1517.39,Yala
SRI LANKA,2015/2016,4349,742724,756005,2902.69,Maha
SRI LANKA,2017,4291,236479,249123,909.32,Yala
SRI LANKA,2016/2017,4301,382856,542556,1473.83,Maha
SRI LANKA,2018,4683,362966,373763,1532.91,Yala
SRI LANKA,2017/2018,4302,619928,667191,2396.93,Maha
SRI LANKA,2019,4896,346010,368906,1519.48,Yala
SRI LANKA,2018/2019,4747,724120,748027,3072.58,Maha
SRI LANKA,2020,4552,450743,456206,1924.17,Yala
SRI LANKA,2019/2020,4531,739911,752248,3196.75,Maha
SRI LANKA,2021,4309,496761,501467,2088.2,Yala
SRI LANKA,2022,3207,480289,481669,1461.68,Yala
SRI LANKA,2021/2022,2853,766148,775846,1931.23,Maha
SRI LANKA,2023,3822,491672,505076,1817.39,Yala
SRI LANKA,2022/2023,3554,807866,812601,2696.04,Maha
SRI LANKA,2024,3893,479427,481316,1976.5,Yala
SRI LANKA,2023/2024,3712,785042,806673,2721.96,Maha
TRINCOMALEE,1979,2810,11428,11628,29.9,Yala
TRINCOMALEE,1978/1979,2440,26399,26948,42.4,Maha
TRINCOMALEE,1979/1980,2397,27602,28127,44.2,Maha
TRINCOMALEE,1981,3441,11190,11242,35.8,Yala
TRINCOMALEE,1980/1981,2534,26803,28283,43.1,Maha
TRINCOMALEE,1982,4140,8256,8318,31.8,Yala
TRINCOMALEE,1981/1982,3171,22724,27766,32.7,Maha
TRINCOMALEE,1983,3781,10799,11249,38,Yala
TRINCOMALEE,1982/1983,2733,32079,33084,55.7,Maha
TRINCOMALEE,1984,3832,16003,16022,57.1,Yala
TRINCOMALEE,1983/1984,2365,27326,35407,60.1,Maha
TRINCOMALEE,1985,3881,9328,11139,33.7,Yala
TRINCOMALEE,1984/1985,3379,29333,29896,92.2,Maha
TRINCOMALEE,1986,3737,5203,5219,18.1,Yala
TRINCOMALEE,1985/1986,0,16010,16586,51.2,Maha
TRINCOMALEE,1987,3764,3342,4456,11.7,Yala
TRINCOMALEE,1986/1987,2983,10321,11148,28.6,Maha
TRINCOMALEE,1988,3506,8139,9044,26.6,Yala
TRINCOMALEE,1987/1988,2836,11640,12934,30.7,Maha
TRINCOMALEE,1989,2578,3970,4179,9.5,Yala
TRINCOMALEE,1988/1989,2836,7689,8093,20.3,Maha
TRINCOMALEE,1990,0,3529,4000,10.7,Yala
TRINCOMALEE,1989/1990,2990,12335,13548,34.3,Maha
TRINCOMALEE,1991,3366,5663,6774,17.7,Yala
TRINCOMALEE,1992,3403,3943,4156,12.3,Yala
TRINCOMALEE,1991/1992,2578,14217,14787,34.1,Maha
TRINCOMALEE,1993,0,9139,9620,28.9,Yala
TRINCOMALEE,1992/1993,3094,19643,19716,56.6,Maha
TRINCOMALEE,1994,0,11614,11614,34.5,Yala
TRINCOMALEE,1993/1994,3094,21541,22087,62,Maha
TRINCOMALEE,1995,3094,14459,14780,41.6,Yala
TRINCOMALEE,1994/1995,2269,19687,20297,41.6,Maha
TRINCOMALEE,1996,3609,5676,5792,19.7,Yala
TRINCOMALEE,1995/1996,2939,11675,16873,31.9,Maha
TRINCOMALEE,1997,3300,6266,7371,19.2,Yala
TRINCOMALEE,1996/1997,2269,20477,20720,43.2,Maha
TRINCOMALEE,1997/1998,2681,20171,22333,50.3,Maha
TRINCOMALEE,1999,3609,11984,12125,40.3,Yala
TRINCOMALEE,1998/1999,3425,20505,21117,65.3,Maha
TRINCOMALEE,2000,3832,12908,12965,46,Yala
TRINCOMALEE,1999/2000,3177,20758,21457,61,Maha
TRINCOMALEE,2001,4383,12616,12659,51,Yala
TRINCOMALEE,2000/2001,3735,22092,22930,77,Maha
TRINCOMALEE,2002,4238,10171,10706,40,Yala
TRINCOMALEE,2001/2002,3607,23699,23725,79,Maha
TRINCOMALEE,2003,4168,12841,13957,49.7,Yala
TRINCOMALEE,2002/2003,3466,25060,26912,81,Maha
TRINCOMALEE,2004,4268,7342,7795,29.1,Yala
TRINCOMALEE,2003/2004,3985,24392,26105,90.3,Maha
TRINCOMALEE,2005,4464,15095,16321,62.6,Yala
TRINCOMALEE,2004/2005,3927,24637,25022,89.9,Maha
TRINCOMALEE,2006,4415,10330,11027,42.4,Yala
TRINCOMALEE,2005/2006,3965,23195,23743,85.4,Maha
TRINCOMALEE,2007,4376,10368,10368,42.1,Yala
TRINCOMALEE,2006/2007,4261,15926,16287,63,Maha
TRINCOMALEE,2008,4504,15145,15296,63.4,Yala
TRINCOMALEE,2007/2008,4381,16592,18987,67.5,Maha
TRINCOMALEE,2009,4851,13947,13950,62.9,Yala
TRINCOMALEE,2008/2009,4463,22969,23014,76.7,Maha
TRINCOMALEE,2010,4853,13059,13116,58.9,Yala
TRINCOMALEE,2009/2010,4332,26521,26535,99.2,Maha
TRINCOMALEE,2011,4710,18256,18514,79.9,Yala
TRINCOMALEE,2010/2011,2388,23191,30331,76.8,Maha
TRINCOMALEE,2012,4455,15946,16107,66,Yala
TRINCOMALEE,2011/2012,4484,30160,30161,104.4,Maha
TRINCOMALEE,2013,4758,23012,23012,101.7,Yala
TRINCOMALEE,2012/2013,3424,31107,35011,121.1,Maha
TRINCOMALEE,2014,4446,7319,7394,30.2,Yala
TRINCOMALEE,2013/2014,4830,21757,26133,102.5,Maha
TRINCOMALEE,2015,4745,22207,22294,97.9,Yala
TRINCOMALEE,2014/2015,4473,28218,34470,109.5,Maha
TRINCOMALEE,2016,4895,20963,20963,95.32,Yala
TRINCOMALEE,2015/2016,4570,34220,34698,99.81,Maha
TRINCOMALEE,2017,4843,8890,8977,40,Yala
TRINCOMALEE,2016/2017,4356,18375,29236,67.37,Maha
TRINCOMALEE,2018,4994,20353,20353,94.43,Yala
TRINCOMALEE,2017/2018,4083,38007,38952,71.99,Maha
TRINCOMALEE,2019,4978,18099,18375,83.7,Yala
TRINCOMALEE,2018/2019,4241,38468,38587,102.51,Maha
TRINCOMALEE,2020,5268,22112,22112,108.22,Yala
TRINCOMALEE,2019/2020,4375,38285,38285,96.02,Maha
TRINCOMALEE,2021,5267,25239,25239,123.49,Yala
TRINCOMALEE,2022,4026,24491,24491,91.61,Yala
TRINCOMALEE,2021/2022,2662,39629,39650,62.22,Maha
TRINCOMALEE,2023,4771,28649,28649,126.98,Yala
TRINCOMALEE,2022/2023,3138,48574,48603,80.15,Maha
TRINCOMALEE,2024,5053,28773,28773,135.05,Yala
TRINCOMALEE,2023/2024,3409,48483,48483,99.53,Maha
UDAWALAWE,1979,3975,5972,5999,20.2,Yala
UDAWALAWE,1978/1979,3972,6264,6302,21.2,Maha
UDAWALAWE,1979/1980,4322,7242,7242,26.6,Maha
UDAWALAWE,1981,4259,9540,9609,34.6,Yala
UDAWALAWE,1980/1981,4687,7792,7792,31.1,Maha
UDAWALAWE,1982,4521,10457,10477,40.3,Yala
UDAWALAWE,1981/1982,4883,9887,10037,41.1,Maha
UDAWALAWE,1983,5229,10375,10379,46.2,Yala
UDAWALAWE,1982/1983,5375,11118,11130,50.9,Maha
UDAWALAWE,1984,3338,10973,11179,31.2,Yala
UDAWALAWE,1983/1984,4161,11163,11163,39.5,Maha
UDAWALAWE,1985,3859,11152,11155,36.6,Yala
UDAWALAWE,1984/1985,4628,10560,10561,41.6,Maha
UDAWALAWE,1986,4162,11459,11466,40.6,Yala
UDAWALAWE,1985/1986,5093,11434,11436,49.6,Maha
UDAWALAWE,1987,4602,10513,10585,41.2,Yala
UDAWALAWE,1986/1987,5973,11465,11465,58.3,Maha
UDAWALAWE,1988,4644,10379,10411,41,Yala
UDAWALAWE,1987/1988,5103,10320,10353,44.8,Maha
UDAWALAWE,1989,5249,10381,10406,46.4,Yala
UDAWALAWE,1988/1989,5125,10574,10586,46.1,Maha
UDAWALAWE,1990,4949,10488,10488,44.2,Yala
UDAWALAWE,1989/1990,5713,10823,10854,52.6,Maha
UDAWALAWE,1991,4276,10103,10103,36.8,Yala
UDAWALAWE,1990/1991,5093,10595,10595,46,Maha
UDAWALAWE,1992,3978,1328,1328,5.2,Yala
UDAWALAWE,1991/1992,5003,10673,10673,45.5,Maha
UDAWALAWE,1993,4777,9602,9602,45,Yala
UDAWALAWE,1992/1993,4730,10483,10483,48.7,Maha
UDAWALAWE,1994,4727,9880,9880,45.8,Yala
UDAWALAWE,1993/1994,4841,10424,10424,49.5,Maha
UDAWALAWE,1995,4669,9712,9712,44.5,Yala
UDAWALAWE,1994/1995,4888,10102,10103,48.5,Maha
UDAWALAWE,1996,4400,8002,8063,34.6,Yala
UDAWALAWE,1995/1996,4529,9713,9713,43.2,Maha
UDAWALAWE,1997,5008,9023,9024,44.3,Yala
UDAWALAWE,1996/1997,4811,8884,8884,41.9,Maha
UDAWALAWE,1998,4787,7210,7210,33.9,Yala
UDAWALAWE,1997/1998,5021,9766,9766,46.7,Maha
UDAWALAWE,1999,4760,7625,7657,35.6,Yala
UDAWALAWE,1998/1999,4882,9024,9024,43.2,Maha
UDAWALAWE,2000,4821,8804,8804,42,Yala
UDAWALAWE,1999/2000,5024,9726,9725,48,Maha
UDAWALAWE,2001,5108,8638,8638,43,Yala
UDAWALAWE,2000/2001,4847,653,653,3,Maha
UDAWALAWE,2002,4902,8321,8759,40,Yala
UDAWALAWE,2001/2002,5238,8766,8766,45,Maha
UDAWALAWE,2003,4877,8474,8560,38.9,Yala
UDAWALAWE,2002/2003,5192,8901,8901,45,Maha
UDAWALAWE,2004,5383,8606,8606,45.4,Yala
UDAWALAWE,2003/2004,5044,8461,8547,41.8,Maha
UDAWALAWE,2005,5166,9190,9190,46.5,Yala
UDAWALAWE,2004/2005,5335,8884,8884,46.4,Maha
UDAWALAWE,2006,5424,9294,9484,49.4,Yala
UDAWALAWE,2005/2006,5681,9904,9904,55.1,Maha
UDAWALAWE,2007,5641,9381,9381,51.9,Yala
UDAWALAWE,2006/2007,5636,9460,9460,52.2,Maha
UDAWALAWE,2008,6198,10503,10718,63.8,Yala
UDAWALAWE,2007/2008,5661,9527,9527,52.9,Maha
UDAWALAWE,2009,6105,11944,12188,71.5,Yala
UDAWALAWE,2008/2009,6517,11517,11517,73.6,Maha
UDAWALAWE,2010,6526,14317,14317,91.6,Yala
UDAWALAWE,2009/2010,6275,13068,13068,80.4,Maha
UDAWALAWE,2011,6532,13882,13882,77.1,Yala
UDAWALAWE,2012,5052,11644,11644,50,Yala
UDAWALAWE,2011/2012,6399,13447,13447,84.3,Maha
UDAWALAWE,2013,6198,11994,11994,72.8,Yala
UDAWALAWE,2012/2013,6405,12278,12278,77.1,Maha
UDAWALAWE,2014,6363,10277,10277,64.1,Yala
UDAWALAWE,2013/2014,5811,12029,12029,68.5,Maha
UDAWALAWE,2015,6062,12524,12524,74.4,Yala
UDAWALAWE,2014/2015,6425,12366,12366,77.9,Maha
UDAWALAWE,2016,6365,10588,10588,66.04,Yala
UDAWALAWE,2015/2016,5907,12224,12224,70.76,Maha
UDAWALAWE,2017,5770,6225,6225,35.2,Yala
UDAWALAWE,2016/2017,5085,1206,1206,6.01,Maha
UDAWALAWE,2018,6560,10518,10518,67.62,Yala
UDAWALAWE,2017/2018,6355,10492,10492,65.35,Maha
VAVUNIYA,1979,2603,344,384,0.8,Yala
VAVUNIYA,1978/1979,2737,14856,15711,59.9,Maha
VAVUNIYA,1979/1980,2469,14945,15339,61.6,Maha
VAVUNIYA,1981,2502,165,165,0.4,Yala
VAVUNIYA,1980/1981,1875,11623,15530,63.2,Maha
VAVUNIYA,1982,3745,358,358,1.3,Yala
VAVUNIYA,1981/1982,2647,8003,13583,67.1,Maha
VAVUNIYA,1983,3762,212,218,0.8,Yala
VAVUNIYA,1982/1983,2576,12011,14513,81.6,Maha
VAVUNIYA,1984,3285,4513,4513,14,Yala
VAVUNIYA,1983/1984,1992,11467,14980,21.6,Maha
VAVUNIYA,1984/1985,1785,7885,11751,21.9,Maha
VAVUNIYA,1986,3913,1397,1447,5.2,Yala
VAVUNIYA,1985/1986,2904,7150,8487,19.6,Maha
VAVUNIYA,1987,3609,72,79,0.3,Yala
VAVUNIYA,1986/1987,1916,1773,4893,3.2,Maha
VAVUNIYA,1988,3351,335,372,1.1,Yala
VAVUNIYA,1987/1988,2633,6381,7090,15.9,Maha
VAVUNIYA,1988/1989,2372,2964,3119,6.6,Maha
VAVUNIYA,1989/1990,2320,3261,3274,7.1,Maha
VAVUNIYA,1991,3624,465,465,1.6,Yala
VAVUNIYA,1992,0,176,182,0.5,Yala
VAVUNIYA,1991/1992,2423,4549,4619,10.4,Maha
VAVUNIYA,1993,0,252,265,0.6,Yala
VAVUNIYA,1992/1993,2423,5443,5829,12.5,Maha
VAVUNIYA,1994,4340,1296,1418,5.3,Yala
VAVUNIYA,1993/1994,2423,6558,6823,15,Maha
VAVUNIYA,1995,3433,817,885,2.7,Yala
VAVUNIYA,1994/1995,4012,7972,8003,30.2,Maha
VAVUNIYA,1995/1996,2212,829,6307,1.7,Maha
VAVUNIYA,1997,2836,55,65,0.1,Yala
VAVUNIYA,1996/1997,3549,2286,3112,7.7,Maha
VAVUNIYA,1997/1998,2681,3930,4136,9.9,Maha
VAVUNIYA,1999,3487,822,1154,2.7,Yala
VAVUNIYA,1998/1999,3497,5808,5862,19.2,Maha
VAVUNIYA,2000,3686,853,918,3,Yala
VAVUNIYA,1999/2000,3455,5871,6116,19,Maha
VAVUNIYA,2001,2743,1169,1169,3,Yala
VAVUNIYA,2000/2001,2678,6170,6172,16,Maha
VAVUNIYA,2002,2840,657,703,2,Yala
VAVUNIYA,2001/2002,3838,6069,6080,22,Maha
VAVUNIYA,2003,3624,776,843,2.7,Yala
VAVUNIYA,2002/2003,3637,7814,8683,27,Maha
VAVUNIYA,2004,4454,102,106,0.4,Yala
VAVUNIYA,2003/2004,3704,7991,8128,27.9,Maha
VAVUNIYA,2005,3931,1330,1332,4.9,Yala
VAVUNIYA,2004/2005,3685,8322,8439,28.9,Maha
VAVUNIYA,2006,4432,710,721,3,Yala
VAVUNIYA,2005/2006,3898,9303,9330,34.2,Maha
VAVUNIYA,2007,4446,585,586,2.4,Yala
VAVUNIYA,2006/2007,4327,4052,4064,16.5,Maha
VAVUNIYA,2008,4390,4472,4969,18.5,Yala
VAVUNIYA,2007/2008,3587,6402,6422,21.7,Maha
VAVUNIYA,2009,3998,209,253,0.8,Yala
VAVUNIYA,2008/2009,4689,6697,6709,95.2,Maha
VAVUNIYA,2010,4724,827,834,3.7,Yala
VAVUNIYA,2009/2010,5367,4830,4830,106.7,Maha
VAVUNIYA,2011,4151,4272,4272,16.8,Yala
VAVUNIYA,2010/2011,4139,12591,13689,51.5,Maha
VAVUNIYA,2012,3788,744,1156,2.7,Yala
VAVUNIYA,2011/2012,3972,15713,15994,125.6,Maha
VAVUNIYA,2013,4813,5270,5270,23.9,Yala
VAVUNIYA,2012/2013,3722,17803,18030,99,Maha
VAVUNIYA,2014,4507,1283,1557,5.5,Yala
VAVUNIYA,2013/2014,3408,5472,8377,97.6,Maha
VAVUNIYA,2015,4683,5654,5722,25,Yala
VAVUNIYA,2014/2015,4816,16805,16841,117.3,Maha
VAVUNIYA,2016,4165,1121,3371,4.41,Yala
VAVUNIYA,2015/2016,4359,17478,17478,145.28,Maha
VAVUNIYA,2017,4361,471,487,1.94,Yala
VAVUNIYA,2016/2017,4334,5401,11015,74.37,Maha
VAVUNIYA,2018,4029,409,450,1.56,Yala
VAVUNIYA,2017/2018,4223,8803,12905,144.17,Maha
VAVUNIYA,2019,5363,2318,2364,11.73,Yala
VAVUNIYA,2018/2019,5594,18296,19207,151.56,Maha
VAVUNIYA,2020,5520,1472,1473,7.66,Yala
VAVUNIYA,2019/2020,4951,19117,19241,155.59,Maha
VAVUNIYA,2021,5638,5002,5012,26.61,Yala
VAVUNIYA,2022,4368,5456,5485,22.49,Yala
VAVUNIYA,2021/2022,2373,18859,18859,98.01,Maha
VAVUNIYA,2023,4071,5530,5703,21.24,Yala
VAVUNIYA,2022/2023,2861,23009,23503,141.62,Maha
VAVUNIYA,2024,4175,5516,5516,21.73,Yala
VAVUNIYA,2023/2024,3878,22786,23412,153.56,Maha